fixSpotOn,fixation,target,stopSignal,ssrt,saccade,tone,reward,timeout
34294.74401474,34441.7493343353,35842.0488834381,NaN,NaN,36121.0684776306,36852.0815372467,37452.7599811554,NaN
40254.0962696075,40409.7852706909,41670.1245307922,NaN,NaN,41967.8218364716,42698.8348960876,43298.8169193268,NaN
46231.1842441559,46391.8704986572,47563.8589859009,NaN,47716.0262108397,47768.8636779785,48499.8767375946,49099.8997688293,NaN
52208.5590362549,52361.9132041931,53373.9528656006,53423.2687950134,53542.4360199522,NaN,NaN,NaN,54433.2604408264
63780.045747757,63914.0667915344,65327.3916244507,NaN,65446.5588493895,65548.3708381653,66279.3838977814,66880.1033496857,NaN
69722.4407196045,69861.1311912537,70921.4627742767,NaN,71090.6299992155,71152.4362564087,71885.4563236237,72487.1587753296,NaN
75683.5131645203,75845.1824188232,77164.5040512085,NaN,77333.6712761473,77625.5087852478,78358.5288524628,78960.2313041687,NaN
81659.5773696899,81822.229385376,83391.5708065033,NaN,83560.7380314421,83700.2863883972,84431.2584400177,85031.281709671,NaN
87870.3010082245,88047.3301410675,89202.3203372955,89251.6362667084,89370.8034916472,NaN,90777.3551940918,91477.6892662048,NaN
93864.387512207,93971.3749885559,94978.7042140961,95179.4083118439,95298.5755367827,NaN,96705.7416439056,97406.7311286926,NaN
99790.766954422,99929.4576644897,100972.790718079,NaN,101124.957943017,101403.444051743,102134.457349777,102734.480381012,NaN
105734.513521194,105913.508892059,107198.833703995,NaN,107351.000928934,107449.836492538,108182.856559753,108784.559011459,NaN
111727.903604507,111893.586874008,113009.910821915,NaN,113162.078046853,113264.600038528,113995.613098145,114595.595121384,NaN
117705.64699173,117803.623437881,118852.977514267,119186.637639999,119305.804864938,119202.653169632,119935.673236847,120536.679267883,NaN
123615.028142929,123708.703756332,124730.041265488,124930.048942566,125049.216167505,NaN,126456.75110817,127007.048606873,NaN
129525.064706802,129712.784290314,131074.090003967,NaN,131243.257228906,131336.111068726,132069.131135941,132670.792579651,NaN
135535.166501999,135718.831062317,136734.147548676,136784.856081009,136904.023305948,NaN,138309.182405472,138860.872745514,NaN
141845.91460228,142027.899742126,143044.240236282,NaN,143163.407461221,143345.910787582,144076.923847198,144676.946878433,NaN
148338.975667953,148514.980792999,149620.286464691,NaN,149739.45368963,149907.293081284,150638.3061409,151239.025592804,NaN
154332.365751266,154461.061954498,155547.362327576,NaN,155666.529552514,155786.363840103,156517.376899719,157118.055343628,NaN
160275.415897369,160560.128927231,161990.452051163,162256.446361542,162375.613586481,162304.451465607,163038.126945496,163638.477802277,NaN
166369.485855103,166513.173341751,167534.511089325,167584.482192993,167703.649417932,NaN,169113.191366196,169663.529872894,NaN
172329.534292221,172428.247928619,NaN,NaN,NaN,NaN,NaN,NaN,NaN
173644.555091858,173807.248353958,175109.571456909,NaN,175228.738681848,175497.257947922,176228.271007538,176828.294038773,NaN
179622.339487076,179760.333776474,180969.636678696,NaN,181088.803903634,181267.661809921,181998.674869537,182599.353313446,NaN
185564.693450928,185673.401355743,186697.728872299,186896.71254158,187015.879766519,NaN,188422.718286514,188974.736213684,NaN
191491.769313812,191651.431322098,192673.79283905,NaN,192825.960063989,192926.761865616,193659.782171249,194261.484384537,NaN
197468.816280365,197625.529289246,198668.534755707,NaN,198870.701980646,198919.865369797,199650.837421417,200251.556873322,NaN
203445.904254913,203593.565225601,205143.901109695,NaN,205330.068334634,205481.903076172,206212.916135788,206813.635587692,NaN
209405.95293045,209620.665311813,210637.988805771,NaN,210824.15603071,210888.664007187,211618.980884552,212219.986915588,NaN
215433.012247086,215477.699518204,216499.733448029,NaN,216685.900672967,216712.725400925,217443.738460541,218043.720722198,NaN
221294.142484665,221439.796209335,222575.78086853,222775.092124939,222894.259349878,222811.792373657,223542.805433273,224142.787456512,NaN
227254.846334457,227413.853168488,228452.148199081,NaN,228604.31542402,228681.155443192,229412.168741226,230012.887954712,NaN
233230.214118958,233363.907575607,234379.224061966,234512.221097946,234631.388322885,NaN,236039.250850677,236591.268777847,NaN
239540.306806564,239684.977531433,241155.31873703,NaN,241291.485961969,241476.322174072,242209.30147171,242811.003923416,NaN
245500.355482101,245633.024930954,247066.051483154,NaN,247252.218708093,247368.37720871,248101.397514343,248703.058958054,NaN
251445.085048676,251649.10697937,NaN,NaN,NaN,NaN,NaN,NaN,NaN
252876.432418823,253012.132883072,254108.468055725,NaN,254294.635280664,254354.146242142,255085.159301758,255685.141324997,NaN
258819.810152054,258986.189842224,260501.504898071,260768.19562912,260887.362854059,260818.535327911,261549.548387527,262151.209831238,NaN
264796.898126602,264906.261444092,266178.560972214,266378.568649292,266497.735874231,NaN,267905.270814896,268455.609321594,NaN
270956.62689209,271121.32692337,272172.647237778,NaN,272324.814462717,272484.639644623,273217.659950256,273819.362163544,NaN
276984.382390976,277124.383687973,278198.723554611,NaN,278350.89077955,278452.716588974,279185.736656189,279787.398099899,NaN
283327.447891235,283500.463008881,284791.768074036,NaN,284977.935298974,285044.777870178,285777.798175812,NaN,286340.793371201
289320.837974548,289487.504243851,290602.845191956,NaN,290789.012416894,290862.859249115,291595.87931633,NaN,292161.864519119
300907.97162056,301010.944843292,NaN,NaN,NaN,NaN,NaN,NaN,NaN
302322.975635529,302477.68163681,304055.665493011,NaN,304191.83271795,304327.681064606,305058.694124222,305658.717155457,NaN
308283.720731735,308417.741775513,309699.05257225,NaN,309835.219797189,309956.076383591,310689.096689224,311290.758132935,NaN
314244.0969944,314345.800638199,315476.13286972,NaN,315645.300094659,315723.121643066,NaN,NaN,315828.143119812
320154.17432785,320258.868217468,321269.187450409,NaN,321438.354675348,321510.196208954,322243.216276169,322844.877719879,NaN
326064.251899719,326174.925804138,327196.263313293,NaN,327365.430538232,327450.952529907,328181.965827942,328781.947851181,NaN
331991.286754608,332147.999763489,333273.990154266,NaN,333443.157379205,333532.324790955,334263.337850571,334864.016294479,NaN
337968.374729156,338116.076469421,339233.38341713,339433.391094208,339552.558319147,NaN,340960.093021393,341510.390758514,NaN
343928.423404694,344142.111778259,345726.444482803,NaN,345878.611707742,345949.143886566,346680.157184601,347280.13920784,NaN
349956.17890358,350098.187208176,351570.535421371,351837.184906006,351956.352130945,351855.535030365,352588.514328003,353190.21654129,NaN
355915.572166443,356125.246286392,357130.568742752,NaN,357299.735967691,357481.595754623,358214.575052261,358816.277503967,NaN
361943.327665329,362135.307312012,363440.661430359,NaN,363609.828655298,363698.668479919,364431.647777557,365033.349990845,NaN
367952.692270279,368108.381032944,369184.727907181,NaN,369353.89513212,369437.696933746,370170.717000961,370772.419452667,NaN
373929.739236832,374110.454797745,375262.454748154,NaN,375431.621973092,375597.466468811,376328.479766846,376928.461790085,NaN
379922.842502594,380007.506847382,381055.509328842,381104.825258255,381223.992483194,NaN,382630.544424057,383330.87849617,NaN
385816.90454483,NaN,NaN,NaN,NaN,NaN,NaN,NaN,NaN
388014.90020752,NaN,NaN,NaN,NaN,NaN,NaN,NaN,NaN
390212.609052658,NaN,NaN,NaN,NaN,NaN,NaN,NaN,NaN
392425.964355469,392701.666116714,394141.000747681,NaN,394327.167972619,394446.971893311,395179.991960526,395781.694412231,NaN
398520.034313202,398722.704410553,400151.061534882,400285.041570663,400404.208795602,NaN,401812.071323395,402364.089250565,NaN
404530.750274658,404675.789833069,405845.11590004,406178.120613098,406297.287838037,406218.097686768,406949.110746384,407549.829959869,NaN
410490.14377594,410677.863359451,411706.164121628,NaN,411892.331346567,412265.186309814,412998.206377029,413599.86782074,NaN
416500.245332718,416668.918609619,417716.921329498,417849.222183228,417968.389408166,NaN,419376.251935959,420078.265190125,NaN
422477.98871994,422627.984285355,423643.300771713,NaN,423779.467996652,424088.003396988,424819.016695023,425418.998718262,NaN
428487.35332489,428631.041049957,429687.071561813,429952.369689941,430071.53691488,NaN,431479.399442673,432031.376361847,NaN
434448.426008224,434676.122665405,436080.10840416,NaN,436299.275629098,436318.454742432,437051.433801651,437653.136253357,NaN
440492.155790329,440620.196819305,441640.510320663,NaN,441826.677545602,441921.495914459,442654.516220093,443256.218671799,NaN
446469.243764877,446613.259077072,447933.563947678,NaN,448119.731172616,448184.566736221,448916.562795639,449518.265247345,NaN
453077.607393265,453231.330156326,454276.629447937,454542.623758316,454661.790983255,454620.65243721,455353.672742844,455955.334186554,NaN
459038.680076599,459183.391571045,460270.71595192,NaN,460439.883176858,460567.389011383,461298.402309418,461898.425340652,NaN
464999.424934387,465461.453676224,466613.781452179,NaN,466782.948677118,466905.785322189,467636.798381805,468237.476825714,NaN
471274.824619293,471413.515090942,472606.843948364,472806.851625443,472926.018850381,472870.544195175,473601.55749321,NaN,473846.866846085
482828.944206238,482920.653820038,484110.951423645,NaN,484263.118648584,484465.951681137,485198.971748352,485800.674200058,NaN
488740.701198578,488806.68759346,NaN,NaN,NaN,NaN,NaN,NaN,NaN
490055.721998215,490150.708198547,491170.038700104,NaN,491289.205925043,491608.720302582,492339.733362198,492939.756393433,NaN
495965.103149414,496093.799352646,497147.782087326,497197.098016739,497316.265241678,NaN,498722.816944122,499423.151016235,NaN
501909.177303314,501996.831655502,503174.882173538,503440.180063248,503559.347288186,NaN,504968.193054199,505520.210981369,NaN
507802.215337753,507946.927070618,509434.225559235,NaN,509603.392784173,509705.257892609,510438.237190247,511039.939403534,NaN
513763.288021088,513947.976589203,514978.325366974,NaN,515147.492591913,515382.313966751,516115.334033966,516716.995477676,NaN
519756.350278854,519901.062011719,521038.357496262,521372.05862999,521491.225854928,NaN,NaN,NaN,521496.3722229
525716.439962387,525865.124702454,527265.424251556,NaN,527451.591476495,527509.423017502,528240.436077118,528841.155529022,NaN
531676.488637924,531815.179109573,532859.495401382,533125.489711761,533244.6569367,NaN,534651.536226273,535354.205131531,NaN
537621.259212494,537755.239248276,538835.559368134,NaN,539004.726593072,539227.587461472,539960.566759109,540562.269210815,NaN
543564.637184143,543701.320648193,544779.633522034,NaN,544948.800746972,545059.636116028,545790.649175644,546391.327619553,NaN
549574.697971344,549702.370166779,550706.709384918,NaN,550925.876609857,551010.714530945,551741.727590561,552342.40603447,NaN
555517.748117447,555679.458141327,556749.742984772,557016.761302948,557135.928527887,NaN,558542.480230331,559092.777967453,NaN
561494.836091995,561591.501712799,562743.829488754,NaN,562945.996713693,563042.509794235,563775.52986145,564376.535892487,NaN
567404.872655869,567490.561008453,NaN,NaN,NaN,NaN,NaN,NaN,NaN
568886.887311935,NaN,NaN,NaN,NaN,NaN,NaN,NaN,NaN
571100.939273834,571359.60149765,572566.610813141,NaN,572768.77803808,572874.957799911,NaN,NaN,573141.648292542
582772.737026215,582874.727249146,NaN,NaN,NaN,NaN,NaN,NaN,NaN
584304.763793945,NaN,NaN,NaN,NaN,NaN,NaN,NaN,NaN
586501.080036163,586643.78452301,587667.088270187,NaN,587869.255495126,587943.117856979,588674.130916595,589274.809360504,NaN
592445.154190063,592604.857206345,593627.17795372,NaN,593829.345178659,593990.165472031,594723.185539246,595325.174808502,NaN
598422.897577286,598551.921606064,600153.908252716,NaN,600356.075477655,600525.251626968,601258.230686188,601859.933137894,NaN
604365.292549133,604535.972833633,605597.983598709,605797.295093536,605916.462318475,NaN,NaN,NaN,606236.304283142
610343.035936356,610505.032539368,611724.370956421,NaN,611876.53818136,NaN,NaN,NaN,611964.35546875
616320.082902908,616473.109483719,617484.411716461,NaN,617636.5789414,617736.438751221,618469.458818436,619071.120262146,NaN
622297.170877457,622404.158353806,623544.484853745,623744.492530823,623863.659755762,NaN,625271.194458008,625971.528530121,NaN
628306.535243988,628451.246976852,629472.25689888,NaN,629624.424123819,629800.55141449,630531.564474106,631132.28392601,NaN
634266.624927521,634386.310100555,635515.61832428,NaN,635667.785549219,635792.630672455,636523.643732071,637124.32217598,NaN
640193.65978241,640374.375343323,641825.711011887,NaN,641977.878236825,642147.369861603,642878.382921219,643478.406190872,NaN
646187.746286392,646326.436758041,647335.773229599,647669.433355331,647788.60058027,647731.774330139,648462.787628174,649063.465833664,NaN
652147.794961929,652244.50135231,653279.806375504,653545.841693878,653665.008918817,NaN,655072.543621063,655622.841358185,NaN
658125.579118729,658298.553228378,659539.886951447,NaN,659709.054176385,660084.900856018,660817.920923233,661419.582366943,NaN
664117.945194244,664268.637180328,665450.619935989,NaN,665619.787160928,665695.97029686,666428.949356079,667030.651807785,NaN
670128.005981445,670279.680967331,671294.014453888,NaN,671480.181678827,671502.009391785,672235.029459,672836.731910706,NaN
676089.07866478,676185.744285583,677237.064599991,NaN,677423.23182493,677691.761493683,678422.774791718,679022.797822952,NaN
681999.811410904,682180.813789368,683281.163215637,NaN,683467.330440576,683531.141996384,684264.162302017,684865.864515305,NaN
687992.218494415,688132.875204086,689141.228437424,NaN,689327.395662362,689374.536752701,690106.205224991,690707.907438278,NaN
693952.267169952,694111.970186234,695368.295431137,NaN,695554.462656076,695609.303951263,696340.276241302,696940.995454788,NaN
699929.314136505,700068.004846573,701145.334720612,701278.331756592,701397.498981531,NaN,702805.033922195,703355.372428894,NaN
705873.388528824,705913.078784943,NaN,NaN,NaN,NaN,NaN,NaN,NaN
707138.397216797,707243.090867996,708287.406921387,708487.414598465,708606.581823404,708527.43268013,709258.445739746,709859.124183655,NaN
713048.474550247,713210.184574127,714314.507246017,NaN,714466.674470956,714759.496688843,715492.516756058,716094.178199768,NaN
719426.233291626,719568.241596222,720590.562343597,NaN,720742.729568536,720797.574043274,721530.553340912,722132.255792618,NaN
725819.311141968,725961.319446564,726967.624664307,NaN,727119.791889245,727543.317317963,728274.330615997,728874.353647232,NaN
731778.663396835,731875.370025635,732978.381872177,NaN,733130.549097116,733436.683177948,734167.696237564,734768.415689468,NaN
737688.740730286,737830.421447754,739153.757095337,NaN,739305.924320276,739590.759277344,740323.779582977,740925.481796265,NaN
743649.81341362,743712.482213974,744764.826536179,NaN,744916.993761117,745298.822164536,746030.818223953,746632.520675659,NaN
750042.891263962,750187.561988831,751307.899951935,NaN,751460.067176874,751672.566652298,752403.579950333,753003.602981567,NaN
756002.939939499,756133.64315033,NaN,NaN,NaN,NaN,NaN,NaN,NaN
757551.637411118,757709.661006927,758965.986251831,NaN,759118.15347677,759254.999876022,759985.972166061,760586.691617966,NaN
763528.029203415,763629.732847214,764693.054437637,764827.034473419,764946.201698358,NaN,NaN,NaN,765163.029432297
769755.792379379,769926.800251007,771220.112323761,NaN,771356.2795487,771517.113208771,772248.126506805,772848.804712296,NaN
775731.159925461,775766.836166382,NaN,NaN,NaN,NaN,NaN,NaN,NaN
777163.162469864,777301.853179932,778345.186233521,NaN,778481.353458459,778669.179916382,779402.199983597,780003.902435303,NaN
783123.252153397,783267.922878265,784305.931091309,NaN,784442.098316247,784658.269166946,785391.248226166,785992.950677872,NaN
789084.980249405,789248.984098434,790499.3288517,NaN,790635.496076639,790795.01914978,791526.032209396,792126.014471054,NaN
795061.371803284,795166.065692902,796660.081624985,796792.382478714,796911.549703653,NaN,798321.091413498,799021.425485611,NaN
801255.138158798,801409.14773941,802519.45066452,NaN,802655.617889459,803124.470710754,803857.490777969,804459.15222168,NaN
807348.184108734,807528.203248978,808546.509742737,808880.210876465,808999.378101404,NaN,810406.544208527,810958.234548569,NaN
813741.261720657,813883.270025253,814956.585884094,NaN,815142.753109033,815407.596588135,NaN,NaN,815696.282625198
825527.706623077,825678.398370743,826694.411277771,NaN,826880.57850271,827071.734666824,827804.713964462,828406.416416168,NaN
831488.779306412,831623.455762863,832636.8060112,832836.772680283,832955.939905221,NaN,NaN,NaN,833565.778970718
837432.525634766,837502.526283264,NaN,NaN,NaN,NaN,NaN,NaN,NaN
838730.834960938,838868.542432785,839912.858486176,NaN,840065.025711114,840152.556419373,840883.569478989,841483.551740646,NaN
844674.622297287,844686.623573303,NaN,NaN,NaN,NaN,NaN,NaN,NaN
845905.920982361,845997.630357742,847155.651569366,NaN,847307.818794305,847415.952205658,848146.965503693,848747.643947601,NaN
852483.687400818,852621.681690216,853648.016214371,NaN,853800.183439309,853949.031352997,854681.027412415,855282.72986412,NaN
858443.080663681,858532.742023468,859875.083208084,860074.107885361,860193.275110299,NaN,NaN,NaN,861385.810852051
869947.884559631,870075.884580612,871096.19808197,NaN,871248.365306909,871455.21235466,872186.225652695,872786.904096603,NaN
875891.262292862,876050.965547562,877073.286056519,NaN,877225.453281457,877348.291397095,878081.270694733,878682.973146439,NaN
881934.336900711,882180.998086929,883482.338190079,NaN,883634.505415017,883795.354604721,884526.367664337,885127.046108246,NaN
887994.409799576,888081.081390381,889093.40763092,NaN,889245.574855859,889434.399604797,890167.419910431,890769.122123718,NaN
893888.472080231,894055.138349533,895120.466947556,NaN,895272.634172494,895439.463376999,896172.483444214,896774.18589592,NaN
899865.519046783,900033.209323883,901047.54281044,NaN,901199.710035379,901384.561538696,902117.540836334,902719.24328804,NaN
905841.583013535,906009.273290634,907024.302959442,NaN,907193.470184381,907265.598297119,907998.618602753,908600.321054459,NaN
911819.326400757,911937.33215332,912984.679460526,NaN,913153.846685464,913255.670785904,913988.690853119,914590.352296829,NaN
917763.400554657,917770.404815674,NaN,NaN,NaN,NaN,NaN,NaN,NaN
918995.436429977,919126.426458359,920176.763772964,NaN,920295.930997903,920451.769351959,921184.748411179,921786.450862885,NaN
925220.782995224,925352.510452271,926370.489358902,NaN,926489.656583841,926670.111656189,927402.845144272,928004.506587982,NaN
931164.857387543,931266.561031342,932463.576078415,NaN,932582.743303354,932755.866527557,933488.886594772,934090.589046478,NaN
937075.631141663,937256.633281708,938423.95234108,NaN,938543.119566018,938709.648370743,939440.661430359,940040.643453598,NaN
943069.676399231,943158.682584763,944417.014598846,NaN,944536.181823785,NaN,NaN,NaN,944741.704702377
948979.05755043,949077.771186829,950094.070672989,NaN,950263.237897928,950349.7838974,951080.756187439,951680.779218674,NaN
954889.135122299,955176.838159561,956537.816047668,956671.140909195,956790.308134134,NaN,958198.170661926,958750.188589096,NaN
960999.875545502,961094.90275383,962131.190776825,962331.894636154,962451.061861093,NaN,NaN,NaN,962808.218479156
966909.256696701,967019.93060112,968508.949518204,NaN,968661.116743142,968749.261856079,969482.281923294,970083.984375,NaN
972837.028741837,972937.012195587,973952.328681946,NaN,974104.495906885,974179.328918457,974910.341978073,975511.020421982,NaN
978747.392892838,978883.093357086,979895.419836044,NaN,980047.587060983,980143.391609192,980877.108097076,981478.114128113,NaN
984691.13945961,984857.150316238,985989.489555359,986189.456224442,986308.62344938,NaN,987715.502977371,988267.479896545,NaN
990667.531251907,990879.212379456,991999.55034256,NaN,992151.717567499,992325.55103302,993058.530330658,993660.232543945,NaN
996694.590330124,996771.267414093,998243.288040161,NaN,998395.4552651,998496.62566185,999227.59771347,999828.317165375,NaN
1002754.66346741,1002922.35350609,1003936.68699265,NaN,1004088.85421758,1004187.64901161,1004920.66907883,1005522.37153053,NaN
1008732.40661621,1008829.40006256,1009846.72355652,NaN,1009998.89078146,1010316.73955917,1011049.75962639,1011651.4210701,NaN
1014641.78776741,1014820.45531273,1015907.49287605,NaN,1016059.66010099,1016150.79522133,1016883.81528854,1017485.51774025,NaN
1020636.52968407,1020784.51800346,1021900.88295937,NaN,1022053.0501843,1022174.86429214,1022907.88435936,1023509.58681107,NaN
1026595.92294693,1026741.6176796,1027978.60956192,NaN,1028130.77678686,1028236.94419861,1028967.95749664,1029568.63594055,NaN
1032555.97162247,1032771.66676521,1033805.0057888,NaN,1033957.17301374,1034063.66825104,1034794.68131065,1035394.70434189,NaN
1038583.72712135,1038680.72032928,NaN,NaN,NaN,NaN,NaN,NaN,NaN
1039898.74792099,1039989.7608757,1041396.77786827,NaN,1041598.94509321,1041633.07619095,1042366.09625816,1042967.79870987,NaN
1045808.12907219,NaN,NaN,NaN,NaN,NaN,NaN,NaN,NaN
1048006.16550446,NaN,NaN,NaN,NaN,NaN,NaN,NaN,NaN
1050203.87434959,NaN,NaN,NaN,NaN,NaN,NaN,NaN,NaN
1052401.21436119,NaN,NaN,NaN,NaN,NaN,NaN,NaN,NaN
1054599.21002388,1054698.90666008,NaN,NaN,NaN,NaN,NaN,NaN,NaN
1056180.92131615,NaN,NaN,NaN,NaN,NaN,NaN,NaN,NaN
1058378.26132774,NaN,NaN,NaN,NaN,NaN,NaN,NaN,NaN
1060592.27228165,NaN,NaN,NaN,NaN,NaN,NaN,NaN,NaN
1062790.30871391,NaN,NaN,NaN,NaN,NaN,NaN,NaN,NaN
1064988.01755905,NaN,NaN,NaN,NaN,NaN,NaN,NaN,NaN
1067252.36821175,1067407.03320503,NaN,NaN,NaN,NaN,NaN,NaN,NaN
1069233.39867592,NaN,NaN,NaN,NaN,NaN,NaN,NaN,NaN
1071431.10752106,NaN,NaN,NaN,NaN,NaN,NaN,NaN,NaN
1073628.44777107,1073791.09978676,1075126.43671036,NaN,1075245.6039353,1075515.43402672,1076248.45409393,1076850.15654564,NaN
1079605.49473763,1079737.18118668,1080755.20086288,NaN,1080874.36808782,1080998.50344658,1081731.52351379,1082333.2259655,NaN
1085549.2413044,1085715.25216103,1086764.56546783,1086814.5775795,1086933.74480444,NaN,1088340.58332443,1089043.29299927,NaN
1091525.63285828,1091619.30847168,1093091.32885933,1093223.62971306,1093342.796938,NaN,NaN,NaN,1093715.64126015
1097436.69342995,1097713.37819099,1099200.71768761,NaN,1099336.88491255,1099508.69607925,1100241.71614647,1100843.41859818,NaN
1103529.73914146,1103674.45087433,1104728.76119614,NaN,1104864.92842108,1105100.75998306,1105833.78005028,1106435.48250198,NaN
1109489.828825,1109932.52444267,1111087.84222603,1111221.82250023,1111340.98972517,NaN,1112748.52442741,1113448.85849953,NaN
1115749.90940094,1115854.56228256,1116866.60194397,NaN,1117002.76916891,1117211.60793304,1117942.62123108,1118542.60325432,NaN
1121660.64214706,1121877.64835358,1123041.97716713,1123309.65089798,1123428.81812292,1123323.65918159,1124054.67224121,1124654.69527245,NaN
1127687.00504303,1127808.69722366,1128986.70697212,NaN,1129155.87419706,NaN,NaN,NaN,1129343.05882454
1133614.08090591,1133730.77607155,1134763.09084892,NaN,1134932.25807386,1135041.08643532,1135772.09949493,1136372.81894684,NaN
1139641.14022255,1139790.84897041,1141156.16869926,NaN,1141375.3359242,1141470.16787529,1142201.18117332,1142801.85961723,NaN
1145601.27067566,1145815.90104103,1146900.23517609,1147166.22948647,1147285.3967114,1147180.23777008,1147913.2578373,1148515.24710655,NaN
1151628.2889843,1151796.9622612,1152876.29914284,1152926.96666718,1153046.13389211,NaN,NaN,NaN,1153491.31369591
1157605.33595085,1157786.05151176,1159120.36442757,NaN,1159239.53165251,1159438.05027008,1160168.36714745,1160769.08636093,NaN
1163599.09462929,1163736.10591888,1164780.42197227,NaN,1164899.58919721,1165114.45093155,1165847.42999077,1166449.13244247,NaN
1169558.48789215,1169701.15160942,1170958.17303658,1171007.48896599,1171126.65619093,NaN,1172533.20789337,1173233.54196548,NaN
1175519.56057549,1175526.23701096,1176568.25947762,1176701.54333115,1176820.71055608,NaN,NaN,NaN,1177613.55876923
1181695.63221931,1181853.28745842,1183028.30696106,NaN,1183164.474186,1183361.31167412,1184091.62855148,1184693.33076477,NaN
1187656.37731552,1187850.36373138,1188871.70147896,NaN,1189007.8687039,1189183.36606026,1189914.37911987,1190514.40215111,NaN
1193667.42110252,1193818.44067574,1195197.7686882,NaN,1195333.93591314,1195442.4636364,1196173.47669601,1196773.45895767,NaN
1199626.81436539,1199696.48742676,1200726.50837898,NaN,1200862.67560392,1201013.84282112,1201746.82211876,1202348.52457047,NaN
1205503.87811661,1205610.57877541,1206818.89891624,NaN,1206955.06614118,1207185.90044975,1207918.92051697,1208519.59896088,NaN
1211430.95397949,1211564.64743614,1212578.9399147,NaN,1212715.10713964,1212820.97244263,1213551.94473267,1214152.66394615,NaN
1217374.0041256,1217544.6844101,1218639.01281357,NaN,1218775.18003851,1218908.03813934,1219641.01719856,1220242.76065826,NaN
1223368.09062958,1223615.77558517,1225049.08895493,1225182.08599091,1225301.25321584,NaN,1226709.81216431,1227410.10522842,NaN
1229428.81894112,1229563.8229847,1230593.14775467,1230793.85185242,1230913.01907736,NaN,NaN,NaN,1232073.15540314
1240982.28311539,1241117.94281006,1242364.27354813,NaN,1242566.44077306,1242701.2925148,1243434.27157402,1244035.97402573,NaN
1246925.33349991,1247023.02312851,1248241.33729935,NaN,1248410.50452429,1248478.33180428,1249209.34486389,1249810.0643158,NaN
1252836.39383316,1252967.09728241,1254301.41019821,1254501.41787529,1254620.58510023,1254554.42023277,NaN,NaN,1254906.43048286
1264373.51512909,1264529.20413017,1265589.5357132,NaN,1265741.70293813,1266208.23645592,1266939.24951553,1267539.23177719,NaN
1270334.2602253,1270485.27956009,1271533.28227997,NaN,1271685.44950491,1271756.59608841,1272489.61639404,1273091.31860733,NaN
1276294.63648796,1276394.33312416,1277809.66496468,NaN,1277961.83218961,1278058.98857117,1278792.00863838,1279393.38326454,NaN
1282204.71382141,1282308.42471123,1283703.39941978,1283752.71511078,1283871.88233572,NaN,1285279.41727638,1285979.7513485,NaN
1288115.48757553,1288301.48696899,1289314.46886063,NaN,1289433.63608556,1289699.7795105,1290430.79257011,1291031.51202202,NaN
1294108.83688927,1294212.54754066,1295306.87594414,1295440.85597992,1295560.02320486,NaN,1296967.88573265,1297670.55463791,NaN
1300035.91275215,1300177.5932312,1301300.92120171,NaN,1301437.08842664,1301632.61532784,1302363.62838745,1302963.61064911,NaN
1306012.9597187,1306182.6570034,1307210.99877357,1307411.00645065,1307530.17367559,NaN,NaN,NaN,1308133.99124146
1311989.72010612,1312077.74305344,1313205.04426956,1313404.76512909,1313523.93235403,NaN,1314931.09846115,1315632.08794594,NaN
1317883.12673569,1317955.78980446,1318982.12456703,NaN,1319134.29179197,1319340.81125259,1320071.82431221,1320671.80633545,NaN
1323793.49088669,1323955.85632324,1324992.88153648,NaN,1325145.04876142,1325360.21089554,1326093.18995476,1326694.89240646,NaN
1330120.25427818,1330273.93627167,1331868.26324463,NaN,1332020.43046957,1332166.24736786,1332897.26042747,1333497.97987938,NaN
1336080.30295372,1336170.0053215,1337280.02142906,NaN,1337432.188654,1337628.01766396,1338361.03773117,1338962.04376221,NaN
1341990.38052559,1342082.04889297,1343106.37664795,NaN,1343308.54387289,1343374.37796593,1344105.39102554,1344706.06946945,NaN
1347900.41685104,NaN,NaN,NaN,NaN,NaN,NaN,NaN,NaN
1350081.45499229,1351044.13795471,NaN,NaN,NaN,NaN,NaN,NaN,NaN
1352280.18784523,1352424.16214943,1353444.5168972,NaN,1353646.68412214,1353703.50694656,1354436.52701378,1355038.18845749,NaN
1358806.26273155,1358935.24575233,1359987.59007454,NaN,1360173.75729948,1360298.55847359,1361031.5785408,1361633.28099251,NaN
1364749.6407032,1364894.31142807,1366214.65706825,NaN,1366400.82429319,1366541.31293297,1367272.32599258,1367872.34902382,NaN
1370709.68937874,1370803.36475372,1371875.37002563,NaN,1372061.53725057,1372177.69575119,1372910.71581841,1373512.41827011,NaN
1376620.42212486,1376727.45060921,1377901.77369118,NaN,1378087.94091612,1378280.44891357,1379011.46197319,1379611.48500443,NaN
1382547.49798775,1382644.49119568,1383696.50793076,1383828.84955406,1383948.016779,NaN,1385355.8382988,1385907.85622597,NaN
1388490.87572098,1388643.57471466,1389655.90119362,1389922.59168625,1390041.75891119,NaN,1391449.90825653,1392150.93851089,NaN
1394450.96540451,1394602.6403904,1395632.94816017,NaN,1395802.11538511,1395979.96115685,1396712.98146248,1397314.68391418,NaN
1400411.01408005,1400540.6935215,1401593.0378437,NaN,1401762.20506864,1401840.02661705,NaN,NaN,1402205.06215096
1411949.15938377,1412164.81375694,1413314.15128708,1413447.14856148,1413566.31578642,NaN,1414974.87449646,1415675.16756058,NaN
1418225.21448135,1418385.90049744,1419474.90406036,NaN,1419611.0712853,1419953.93109322,1420684.90338326,1421284.92641449,NaN
1424934.29851532,1425101.98879242,1426116.97769165,NaN,1426253.14491659,1426708.3170414,1427439.28933144,1428040.00854492,NaN
1430911.34548187,1431180.04322052,1432543.35594177,NaN,1432679.52316671,1432783.3814621,1433514.5175457,1434116.05596542,NaN
1436988.41691017,1437955.11388779,NaN,NaN,NaN,NaN,NaN,NaN,NaN
1439169.45505142,1439964.11991119,1441000.44894218,1441333.45365524,1441452.62088018,NaN,1442861.46664619,1443413.48457336,NaN
1445780.19428253,1445934.20386314,1447477.53572464,NaN,1447679.70294958,1447750.53405762,1448483.55412483,1449085.21556854,NaN
1451755.56182861,1451983.25848579,1453005.29241562,1453337.60094643,1453456.76817137,NaN,1454864.58969116,1455416.60761833,NaN
1457800.31585693,1457888.33880424,1459231.66298866,NaN,1459417.8302136,1459527.68087387,1460258.69417191,1460859.3723774,NaN
1463692.6984787,1463865.38600922,1465291.73588753,NaN,1465477.90311247,1465704.73575592,1466438.41123581,1467038.43426704,NaN
1469686.78498268,1469847.47099876,1470951.79367065,NaN,1471137.96089559,1471185.79816818,1471918.8182354,1472519.49667931,NaN
1475663.83194923,1475845.53050995,1476861.82999611,NaN,1477047.99722105,1477133.84532928,1477864.85862732,1478465.53707123,NaN
1481656.89444542,1481874.59683418,1483155.90763092,NaN,1483375.07485586,1483426.93972588,1484159.91902351,1484761.62147522,NaN
1487683.95352364,1487855.65781593,1489265.99264145,NaN,1489485.15986639,1489592.68951416,1490323.70281219,1490923.68483543,NaN
1493661.04149818,1493765.7353878,1494910.73107719,NaN,1495129.89830213,1495140.06614685,1495873.04544449,1496475.77190399,NaN
1499588.11736107,1499693.79425049,1500753.10182571,NaN,1500922.26905065,1500980.79848289,1501711.81154251,1502311.83457375,NaN
1505498.85034561,1505652.85992622,1506680.1776886,1506730.18980026,1506849.3570252,NaN,1508256.1955452,1508808.21347237,NaN
1511458.24360847,1511832.90457726,1512873.24762344,NaN,1512992.41484838,1513125.92983246,1513856.94313049,1514456.96616173,NaN
1517652.29654312,1517887.98046112,1519316.99299812,1519516.30425453,1519635.47147947,1519592.32616425,NaN,NaN,1520226.34601593
1529539.42108154,1529686.09881401,1530755.1138401,NaN,1530907.28106504,1531145.46275139,1531876.43480301,1532477.15425491,NaN
1535499.51076508,1535507.17020035,NaN,NaN,NaN,NaN,NaN,NaN,NaN
1536731.5056324,1536893.21565628,1537930.52768707,1537981.19521141,1538100.36243635,NaN,1539505.52153587,1540206.55202866,NaN
1542708.55259895,1542858.26134682,1543923.59018326,1544189.58425522,1544308.75148016,NaN,1545717.31042862,1546267.60792732,NaN
1548668.64228249,1548815.32001495,1550333.66632462,NaN,1550502.83354955,1550695.34301758,1551426.35607719,1552026.37910843,NaN
1554628.69095802,1554734.40861702,1556128.40032578,NaN,1556297.56755071,1556359.74240303,1557093.0492878,1557694.42391396,NaN
1560538.76829147,1560721.44985199,1561838.46998215,NaN,1562007.63720709,1562125.80442429,1562858.78372192,1563460.48617363,NaN
1566532.81378746,1566657.53698349,1567681.86473846,NaN,1567851.0319634,1568182.84630775,1568915.86661339,1569517.56906509,NaN
1573108.90078545,1573293.58935356,1574690.93990326,NaN,1574910.1071282,1574988.92378807,1575721.9440937,1576323.64630699,NaN
1579102.98728943,1579216.65120125,1580334.98215675,1580600.97622871,1580720.14345365,NaN,NaN,NaN,1580994.68374252
1585030.71832657,1585249.73154068,1586378.05652618,NaN,1586547.22375112,1586696.06995583,1587429.04925346,1588030.75170517,NaN
1591073.09675217,1591232.79976845,1592571.12669945,NaN,1592740.29392439,1592833.10675621,1593566.12706184,1594167.82951355,NaN
1597050.18472672,1597207.8397274,1598282.87577629,1598482.18727112,1598601.35449606,NaN,1600008.19301605,1600560.21094322,NaN
1603027.23169327,1603210.93726158,1604608.94298553,NaN,1604761.11021047,1604899.26743507,1605632.24673271,1606233.94918442,NaN
1609020.29418945,1609168.97892952,1610186.30242348,NaN,1610338.46964842,1610514.31012154,1611247.33018875,1611849.03264046,NaN
1614980.38363457,1615325.06203651,1616346.39978409,NaN,1616498.56700903,1616714.3843174,1617447.40438461,1618049.06582832,NaN
1621141.13640785,1621728.13415527,1622888.44895363,NaN,1623040.61617857,1623243.16263199,1623974.13468361,1624574.15771484,NaN
1627533.51783752,NaN,NaN,NaN,NaN,NaN,NaN,NaN,NaN
1629732.20968246,NaN,NaN,NaN,NaN,NaN,NaN,NaN,NaN
1631929.54969406,1632798.22945595,1634111.24324799,NaN,1634297.41047292,1634372.56789207,1635103.58119011,1635704.2593956,NaN
1638605.6201458,1639195.32132149,1640403.64122391,NaN,1640589.80844885,1640728.65891457,1641461.63797379,1642063.34042549,NaN
1645014.71328735,1645348.37341309,1646830.38806915,1647029.69956398,1647148.86678892,1647089.70594406,NaN,NaN,1647744.41051483
1662363.56711388,1662501.56116486,1663528.87892723,NaN,1663681.04615217,1663897.60088921,1664628.61418724,1665228.59621048,NaN
1668307.64126778,1668457.63683319,1669488.96861076,NaN,1669641.1358357,1669815.95230103,1670548.97236824,1671150.67481995,NaN
1674267.03453064,1674822.69787788,1675965.03138542,NaN,1676117.19861036,1676293.03908348,NaN,NaN,1676489.72892761
1680627.09856033,NaN,NaN,NaN,NaN,NaN,NaN,NaN,NaN
1682824.1109848,NaN,NaN,NaN,NaN,NaN,NaN,NaN,NaN
1685039.80135918,1685587.84604073,1686637.15934753,NaN,1686839.32657247,1686857.15556145,1687588.16862106,1688188.84706497,NaN
1691398.1859684,1691614.90535736,1692680.23395538,1692880.20062447,1692999.3678494,NaN,NaN,NaN,1693476.2096405
1697425.94146729,1698381.94775581,1699806.29086494,NaN,1699958.45808988,1700248.00348282,1700978.97577286,1701578.99880409,NaN
1704202.03614235,1704590.05022049,1705616.34397507,NaN,1705768.51120001,1705822.37267494,1706555.35197258,1707157.05442429,NaN
1710411.40842438,1710649.09911156,1711811.09333038,1712009.42182541,1712128.58905035,1712060.41693687,1712793.43700409,1713395.1394558,NaN
1716455.46603203,1716644.16861534,1717670.50337791,NaN,1717822.67060285,1717911.51189804,1718642.48418808,1719243.20340157,NaN
1722448.52828979,1722639.23811913,1724146.56615257,NaN,1724298.73337751,1724392.57192612,1725125.59199333,1725727.25343704,NaN
1728458.63008499,NaN,NaN,NaN,NaN,NaN,NaN,NaN,NaN
1730656.62550926,NaN,NaN,NaN,NaN,NaN,NaN,NaN,NaN
1732855.3583622,NaN,NaN,NaN,NaN,NaN,NaN,NaN,NaN
1735051.67460442,NaN,NaN,NaN,NaN,NaN,NaN,NaN,NaN
1737249.71103668,NaN,NaN,NaN,NaN,NaN,NaN,NaN,NaN
1739446.72346115,1740013.40508461,NaN,NaN,NaN,NaN,NaN,NaN,NaN
1741228.77025604,NaN,NaN,NaN,NaN,NaN,NaN,NaN,NaN
1743425.78268051,NaN,NaN,NaN,NaN,NaN,NaN,NaN,NaN
1745623.7783432,NaN,NaN,NaN,NaN,NaN,NaN,NaN,NaN
1747822.51095772,1747970.49951553,1748986.84000969,1749036.85212135,1749156.01934629,NaN,1750563.84086609,1751115.85879326,NaN
1753781.90422058,NaN,NaN,NaN,NaN,NaN,NaN,NaN,NaN
1755978.91688347,1756155.61819077,1757178.59435081,NaN,1757297.76157575,1757398.91815186,1758131.93821907,1758733.64067078,NaN
1761972.96214104,1762081.67004585,1763121.97208405,NaN,1763241.13930898,1763436.99550629,1764170.0155735,1764771.67701721,NaN
1767900.03800392,1767988.71636391,NaN,NaN,NaN,NaN,NaN,NaN,NaN
1769215.05880356,1769366.73378944,1770397.73797989,NaN,1770566.90520483,1770692.07644463,1771425.09675026,1772026.75795555,NaN
1775175.1074791,1775339.80774879,1776940.15574455,NaN,1777159.32296949,1777199.84221458,1777930.8552742,1778530.83753586,NaN
1781152.19545364,1781635.89215279,1782651.90505981,NaN,1782871.07228475,1783031.19444847,1783764.2147541,1784365.91720581,NaN
1787445.24884224,1787557.92999268,1788894.94633675,NaN,1789114.11356168,1789143.57352257,1789875.28276443,1790476.98521614,NaN
1793372.32470512,1793472.02134132,1794521.33464813,NaN,1794740.50187307,1794922.33300209,1795654.32929993,1796256.03175163,NaN
1799282.40227699,NaN,NaN,NaN,NaN,NaN,NaN,NaN,NaN
1801480.39770126,NaN,NaN,NaN,NaN,NaN,NaN,NaN,NaN
1803694.44966316,1803949.13887978,1805026.46875381,NaN,1805228.63597875,1805337.43715286,1806068.45021248,1806669.16966438,NaN
1809754.48155403,1809956.20965958,1811036.52954102,NaN,1811238.69676595,1811292.52958298,1812025.50888062,1812627.2110939,NaN
1815914.57891464,1816090.25621414,1817181.26678467,NaN,1817383.43400961,1817544.58212852,1818278.29861641,1818878.60822678,NaN
1821908.62441063,1821998.32677841,1823556.64992332,NaN,1823725.81714826,1823801.67269707,1824532.64474869,1825133.36420059,NaN
1827818.70174408,1827987.37502098,1829000.72550774,1829051.39303207,1829170.56025701,NaN,1830575.71935654,1831127.40969658,NaN
1833795.74871063,1833930.46617508,1834945.45507431,1835077.79669762,1835196.96392256,NaN,1836604.78568077,1837156.80360794,NaN
1839855.82184792,1839975.50678253,1841005.52797318,NaN,1841141.69519811,1841239.86005783,1841972.83935547,1842574.54180717,NaN
1845800.59242249,1846151.57866478,1847181.92744255,1847448.61793518,1847567.78516012,1847519.60158348,1848250.6146431,1848850.59690475,NaN
1851960.64853668,1852240.65113068,1853740.97514153,NaN,1853910.14236646,1853986.65308952,1854717.66614914,1855317.68918037,NaN
1858053.7352562,NaN,NaN,NaN,NaN,NaN,NaN,NaN,NaN
1860251.07550621,1860476.76515579,1861549.05700684,NaN,1861718.22423177,1861839.7500515,1862570.76311111,1863170.78614235,NaN
1866294.80552673,1866554.81958389,1867609.1299057,NaN,1867778.29713064,1867830.15012741,1868561.16318703,1869161.84163094,NaN
1872371.18053436,1872589.86592293,1873819.40317154,1874019.20604706,1874138.373272,NaN,1875546.89121246,1876097.22971916,NaN
1878398.23961258,1878508.95452499,1879530.25126457,NaN,1879682.41848951,1879832.29017258,1880563.26246262,1881163.9816761,NaN
1884325.31547546,1885286.03219986,1886422.3446846,NaN,1886624.51190954,1886656.34918213,1887387.36224174,1887989.06469345,NaN
1891101.41015053,1891285.07494926,1892349.42054749,NaN,1892551.58777242,1892639.08958435,1893370.10264397,1893970.1256752,NaN
1897095.12805939,1897334.12957191,1898759.49668884,NaN,1898961.66391378,1899040.48228264,1899773.50234985,1900375.16379356,NaN
1903154.54554558,1903340.21735191,1904886.53922081,NaN,1905088.70644575,1905138.56601715,1905871.54531479,1906473.24776649,NaN
1909148.59104156,1909252.26068497,1910580.30676842,NaN,1910782.47399336,1910856.29534721,1911587.30840683,1912187.33143806,NaN
1915058.66837502,1915226.35865211,1916424.35669899,1916689.69559669,1916808.86282163,1916733.35909843,1917464.37215805,1918064.39518929,NaN
1921035.71557999,1921140.40923119,1922151.4248848,1922200.74081421,1922319.90803915,NaN,1923727.44297981,1924427.77705193,NaN
1926962.79144287,1927235.46218872,1928244.79842186,NaN,1928363.9656468,1928530.82203865,1929261.79432869,1929862.51354218,NaN
1933038.87963295,1933141.52550697,1934154.87575531,NaN,1934274.04298025,1934453.88388634,1935185.87994576,1935787.58239746,NaN
1938949.94020462,1939167.60158539,1940580.9264183,NaN,1940700.09364324,1940931.95366859,1941664.93272781,1942266.63517952,NaN
1944992.97380447,1945138.66853714,1946375.70142746,NaN,1946494.8686524,1946660.0048542,1947393.02492142,1947994.68636513,NaN
1950953.06324959,1951076.72166824,1952235.070467,NaN,1952354.23769193,1952505.07879257,1953238.05785179,1953839.7603035,NaN
1956897.13764191,1957039.80135918,1958062.12186813,NaN,1958181.28909307,1958389.80197906,1959120.81503868,1959720.83806992,NaN
1962857.88249969,1963020.86234093,1964572.18146324,NaN,1964691.34868818,1964846.20380402,1965579.22410965,1966180.88531494,NaN
1968917.95539856,1969091.95351601,1970133.279562,NaN,1970252.44678694,1970465.26050568,1971198.56739044,NaN,1971661.29255295
1980505.3756237,NaN,NaN,NaN,NaN,NaN,NaN,NaN,NaN
1982702.38804817,1982910.09640694,1983935.07933617,NaN,1984104.24656111,1984194.39721107,1984925.41027069,1985526.12948418,NaN
1988729.44736481,1988872.15209007,1989894.47259903,1989944.48471069,1990063.65193563,NaN,1991472.49770164,1992024.51562881,NaN
1994756.54745102,1994964.21480179,1995971.54402733,NaN,1996090.71125227,1996342.55957603,1997075.53887367,1997677.24132538,NaN
2000783.60676765,NaN,NaN,NaN,NaN,NaN,NaN,NaN,NaN
2002980.61919212,NaN,NaN,NaN,NaN,NaN,NaN,NaN,NaN
2005178.65562439,NaN,NaN,NaN,NaN,NaN,NaN,NaN,NaN
2007376.36446953,NaN,NaN,NaN,NaN,NaN,NaN,NaN,NaN
2009573.70471954,2009856.36949539,2011421.69690132,2011687.7322197,2011806.89944463,2011715.70777893,2012448.72808456,2013050.43029785,NaN
2015668.42985153,2015797.45364189,2017265.78783989,NaN,2017434.95506483,2017576.46942139,2018307.482481,2018907.46474266,NaN
2021610.82458496,2021714.49446678,2022826.51734352,NaN,2022995.68456846,2023177.83141136,2023910.85147858,2024512.55393028,NaN
2027537.90044785,2027669.5868969,2028702.88491249,2028836.90595627,2028956.07318121,NaN,NaN,NaN,2029860.61930656
2033482.63001442,2033535.6323719,2034696.97117805,NaN,2034833.13840299,2035067.65913963,2035798.67219925,2036398.65446091,NaN
2039342.69523621,2039544.7101593,2040657.01985359,NaN,2040793.18707853,2040953.0377388,2041684.05079842,2042284.72924232,NaN
2045352.10084915,2045451.75647736,2046534.08360481,2046667.08064079,2046786.24786573,NaN,NaN,NaN,2047196.7754364
2051262.83359528,2051373.83508682,2052661.16714478,2052794.86036301,2052914.02758795,NaN,2054321.19393349,2055022.18341827,NaN
2057189.21303749,2057325.89673996,2058371.23680115,NaN,2058540.40402609,2058637.23111153,2059369.22717094,2059970.92962265,NaN
2063133.28742981,2063374.95136261,2064448.30822945,NaN,2064617.47545439,2064754.27937508,2065485.29243469,2066086.0118866,NaN
2069176.36179924,NaN,NaN,NaN,NaN,NaN,NaN,NaN,NaN
2071391.11018181,2071822.05033302,2073155.38024902,2073205.39236069,2073324.55958563,NaN,2074732.42211342,2075284.39903259,NaN
2077634.43803787,2077775.13575554,2079299.46208,NaN,2079418.62930494,2079603.46722603,2080336.48729324,2080938.14873695,NaN
2083594.48671341,2083693.20034981,2085076.50136948,NaN,2085195.66859442,2085381.5305233,2086112.54358292,2086713.22202682,NaN
2089504.56404686,2089619.2522049,2090953.60612869,2091086.60316467,2091205.77038961,NaN,2092613.59190941,2093316.30182266,NaN
2095431.63990974,2095568.32361221,2096879.65798378,NaN,2097015.82520872,2097207.66568184,2097940.64474106,2098542.34719276,NaN
2101391.68858528,2101528.37204933,2102558.39323997,2102823.73213768,2102942.89936262,2102883.69750977,2103616.7178154,2104218.42026711,NaN
2107351.77826881,2107454.46491241,2108550.75931549,2108683.79735947,2108802.96458441,NaN,2110210.78634262,2110762.80426979,NaN
2113262.83860207,2113399.52230453,2114793.84160042,NaN,2114930.00882536,2115084.86247063,2115817.84152985,2116419.54398155,NaN
2119222.8872776,2119360.59498787,2120472.57685661,2120670.90535164,2120790.07257658,2120739.92276192,2121472.90205956,NaN,2121954.63252068
2130777.00710297,2130896.69203758,2132342.74411201,2132392.05980301,2132511.22702795,NaN,2133918.76196861,2134469.05946732,NaN
2136704.08296585,2136883.77428055,2137903.10502052,2138169.09909248,2138288.26631742,NaN,2139696.12884521,2140248.10600281,NaN
2142931.14972115,2143087.86273003,2144479.19201851,NaN,2144648.35924345,2144787.17017174,2145518.18346977,2146118.86167526,NaN
2148891.23940468,2149087.92924881,2150156.24809265,NaN,2150325.41531759,2150545.94135284,2151276.91364288,2151876.93667412,NaN
2154901.95560455,2155003.98683548,2156133.2950592,NaN,2156352.46228414,2156398.30613136,2157131.326437,2157732.98788071,NaN
2160828.33504677,2160940.03295898,2161961.04288101,NaN,2162147.21010595,2162178.37667465,2162911.35573387,2163513.05818558,NaN
2166755.41090965,2166970.12329102,2168203.42874527,NaN,2168389.59597021,2168570.43027878,2169301.44357681,2169903.14602852,NaN
2172781.48698807,2172879.17661667,2174313.51399422,2174513.4806633,2174632.64788824,NaN,NaN,NaN,2174644.18411255
2178693.24374199,2178791.22018814,2179840.57450294,NaN,2179992.74172788,2180226.58133507,2180959.56063271,2181561.26308441,NaN
2184602.62489319,2184777.3194313,2186117.61236191,NaN,2186269.77958685,2186355.63111305,2187088.65118027,2187690.31262398,NaN
2190595.68738937,2190787.38021851,2192360.69464684,2192560.70232391,2192679.86954885,2192600.72040558,2193331.6924572,2193932.4119091,NaN
2196589.73288536,2196786.42272949,2197954.76579666,NaN,2198106.9330216,2198198.43673706,2198929.44979668,2199529.47306633,NaN
2202600.48985481,2202808.48479271,2203864.84313011,2203914.8144722,2204033.98169714,NaN,NaN,NaN,2204279.80899811
2208626.89375877,2208763.57722282,2209792.57440567,2209841.89033508,2209961.05756002,NaN,NaN,NaN,2210854.91299629
2220181.66875839,2220278.70297432,2221513.03267479,NaN,2221632.19989973,2222043.01404953,2222776.03411674,2223378.023386,NaN
2226091.04990959,2226274.75547791,2227290.07196426,NaN,2227409.2391892,2227694.10133362,2228425.07362366,2229025.79283714,NaN
2232151.12280846,2232310.82582474,2233350.14486313,NaN,2233519.31208807,2233608.84833336,2234339.86139297,2234939.84341621,NaN
2238128.210783,2238285.90679169,2239294.9154377,2239427.21629143,2239546.38351637,NaN,2240954.24604416,2241506.22296333,NaN
2244105.95417023,2244292.93656349,2245304.28004265,NaN,2245440.44726759,2245651.29303932,2246384.27233696,2246985.97478867,NaN
2250115.31877518,2250318.02964211,2251348.00982475,2251547.36232758,2251666.52955251,2251600.36444664,2252333.34374428,2252935.04595757,NaN
2256125.37956238,2256232.08022118,2257341.39990807,NaN,2257493.567133,2257617.42949486,2258348.40154648,2258949.12099838,NaN
2262036.43989563,2262213.14144135,2263418.47133636,NaN,2263570.6385613,2263653.45883369,2264384.47189331,2264985.19134521,NaN
2268029.54339981,2268191.2124157,2269211.52615547,NaN,2269363.69338041,2269741.22071266,2270472.2340107,2271072.25704193,NaN
2274007.28678703,2274108.29401016,2275488.60502243,NaN,2275640.77224737,2275834.59424973,2276567.61431694,2277169.64435577,NaN
2279967.33546257,2280103.36351395,2281148.66280556,NaN,2281300.8300305,2281737.66756058,2282470.68762779,2283072.3900795,NaN
2285926.72872543,2286083.40072632,2287208.73570442,2287258.74781609,2287377.91504102,NaN,2288785.73656082,2289487.75005341,NaN
2291887.80117035,2291958.45723152,2292969.80071068,NaN,2293088.96793562,2293399.79863167,2294132.8189373,2294734.80796814,NaN
2297781.53562546,2297894.54436302,2298929.84938622,2299063.54260445,2299182.70982939,NaN,2300589.87617493,2301141.56627655,NaN
2303707.91530609,2303828.6242485,2304990.61846733,NaN,2305126.78569227,2305411.93318367,2306144.95325089,2306746.65570259,NaN
2309634.99093056,2309738.66081238,2311133.02111626,NaN,2311269.1883412,2311385.70332527,2312116.67561531,2312716.69864655,NaN
2315562.72220612,2315707.72051811,2316761.04807854,NaN,2316897.21530348,2317040.06743431,2317773.08773994,2318374.74918365,NaN
2321522.11546898,2321578.80425453,NaN,NaN,NaN,NaN,NaN,NaN,NaN
2322804.12244797,2322935.80889702,2324336.14945412,NaN,2324472.31667906,2324605.1337719,2325336.14683151,2325936.86628342,NaN
2328748.19684029,2328845.88646889,2330413.22088242,2330745.20158768,2330864.36881262,NaN,NaN,NaN,2330832.20052719
2334658.27417374,2334800.93789101,2336073.27842712,NaN,2336259.44565206,2336352.25701332,2337083.27007294,2337683.98952484,NaN
2340601.32455826,2340702.00419426,2341734.31897163,NaN,2341920.48619657,2342084.32221413,2342817.34228134,2343419.04473305,NaN
2346513.08131218,2346636.08407974,2347644.3965435,NaN,2347830.56376844,2347940.41442871,2348671.42748833,2349272.10593224,NaN
2352455.43527603,2352590.15274048,2353721.46773338,NaN,2353907.63495832,2354052.46567726,2354785.48574448,2355387.18819618,NaN
2359166.19873047,2359300.21977425,2360413.55347633,2360547.20616341,2360666.37338835,NaN,2362074.56350327,2362775.55298805,NaN
2365108.59370232,2365189.28480148,2366657.61876106,NaN,2366793.785986,2367037.60480881,2367770.62487602,2368372.32732773,NaN
2371002.65574455,2371074.3355751,NaN,NaN,NaN,NaN,NaN,NaN,NaN
2372500.68569183,2372638.3523941,2373932.68823624,2374265.69318771,2374384.86041265,2374316.36071205,2375046.71835899,2375647.72439003,NaN
2378444.71907616,2378551.41973495,2379677.45113373,NaN,2379863.61835867,2379976.04966164,2380709.06972885,2381310.44435501,NaN
2384372.49112129,2384509.50241089,2385852.82659531,2386053.48968506,2386172.65691,NaN,2387579.82301712,2388280.8535099,NaN
2390314.84508514,2390475.57210922,2391513.86713982,NaN,2391666.03436476,2391961.88759804,2392694.90790367,2393296.56934738,NaN
2396291.93305969,2396574.63908195,2397591.63498878,NaN,2397743.80221372,2397940.94181061,2398673.96187782,2399275.66432953,NaN
2402384.97877121,2402580.68585396,2403634.01317596,NaN,2403786.1804009,2403898.00024033,2404631.02054596,2405232.72275925,NaN
2408396.06356621,2409221.77624702,2410244.75240707,NaN,2410446.91963201,2410602.08725929,2411335.10756493,2411936.76900864,NaN
2415038.13719749,NaN,NaN,NaN,NaN,NaN,NaN,NaN,NaN
2417236.17386818,2417511.83462143,2418535.87555885,NaN,2418688.04278379,2418817.84415245,2419551.19204521,2420151.87048912,NaN
2423329.2195797,2423450.95252991,2424495.26882172,2424545.93634605,2424665.10357099,NaN,2426070.26267052,2426621.95301056,NaN
2429256.29544258,2429382.98463821,2430488.98649216,NaN,2430608.1537171,2430840.30056,2431573.32062721,2432175.02307892,NaN
2435200.36959648,2435295.02820969,2436332.38101006,NaN,2436451.54823499,2436755.04732132,2437486.06038094,2438086.08341217,NaN
2441111.10234261,2441364.11237717,2442425.42695999,2442560.14442444,2442679.31164938,NaN,2444086.4367485,2444638.12708855,NaN
2447288.15722466,2447450.19483566,2448868.51668358,NaN,2449004.68390852,2449195.50037384,2449928.52067947,2450530.22313118,NaN
2453863.54780197,2454025.25782585,2455062.56985664,NaN,2455198.73708158,2455471.59647942,2456202.56853104,2456803.28798294,NaN
2459840.63577652,2460164.30187225,2461255.64002991,NaN,2461391.80725485,2461572.62945175,2462305.64951897,2462907.35197067,NaN
2465983.69383812,2466410.37416458,2467449.40638542,NaN,2467585.57361036,2467826.73001289,2468559.70907211,2469161.41152382,NaN
2472226.77588463,2472438.4572506,2473459.46717262,NaN,2473595.63439756,2473709.77377892,2474440.78683853,2475042.48929024,NaN
2478253.83520126,2478417.51146317,2479469.85578537,2479735.84985733,2479855.01708227,2479744.86112595,2480475.87418556,2481076.55262947,NaN
2484513.91577721,2484661.57674789,2485762.90917397,NaN,2485932.0763989,2486012.60137558,2486742.91801453,2487343.92404556,NaN
2490473.96445274,2490549.65853691,2491823.6784935,NaN,2491992.84571844,2492191.99061394,2492924.96991158,2493526.67236328,NaN
2496368.02649498,2496465.71612358,2497500.73432922,NaN,2497669.90155416,2497729.04539108,2498462.06569672,2499063.72714043,NaN
2502278.7592411,2502450.79135895,2503810.08982658,NaN,2503979.25705152,2504033.11705589,2504764.13011551,2505364.80855942,NaN
2508255.84745407,2508612.85471916,2509820.19162178,NaN,2509989.35884672,2510169.17085648,2510900.18391609,2511501.8863678,NaN
2514415.90356827,2514558.89511108,2515597.23114967,NaN,2515766.39837461,2516015.22779465,2516746.56867981,2517347.94330597,NaN
2520375.29706955,2520516.9775486,2521524.30677414,2521657.30404854,2521776.47127348,NaN,2523184.33380127,2523887.00246811,NaN
2526519.33789253,2526670.0296402,2527985.05043983,NaN,2528121.21766477,2528362.37406731,2529095.39413452,2529697.09658623,NaN
2532479.42757607,2532634.09256935,2533694.42391396,2534027.42886543,2534146.59609037,NaN,2535555.15480042,2536105.45253754,NaN
2538439.4762516,2538616.1775589,2540054.56995964,NaN,2540240.73718458,2540294.51370239,2541027.53376961,2541629.19521332,NaN
2544432.53850937,2544533.25915337,2545681.5726757,NaN,2545900.73990064,2546101.24897957,2546832.26203918,2547432.28507042,NaN
2550344.29526329,2550647.31740952,2551675.61817169,NaN,2551877.78539663,2551907.61566162,2552638.62872124,2553239.34817314,NaN
2556454.38051224,2556594.38180923,2557618.70932579,NaN,2557820.87655073,2557853.36923599,2558583.72712135,2559184.40532684,NaN
2562414.42918777,2562569.42176819,2564094.77210045,NaN,2564296.93932539,2564334.47003365,2565065.48309326,2565665.46535492,NaN
2568374.51863289,2568520.50018311,2569572.84450531,NaN,2569775.01173025,2569929.8517704,2570660.82406044,2571261.54327393,NaN
2574433.8953495,2574611.57989502,2575965.88134766,NaN,2576168.0485726,2576310.88733673,2577041.90039635,2577642.61984825,NaN
2580427.94084549,2580616.6434288,2581725.96311569,NaN,2581928.13034063,2581963.98186684,2582694.95391846,2583295.67337036,NaN
2586421.00310326,2586529.71100807,2587570.01304626,NaN,2587772.1802712,2587841.04537964,2588574.02467728,2589175.72712898,NaN
2592348.07896614,NaN,NaN,NaN,NaN,NaN,NaN,NaN,NaN
2594546.11539841,NaN,NaN,NaN,NaN,NaN,NaN,NaN,NaN
2596743.12806129,2596892.79580116,2598075.14715195,2598275.15482903,2598394.32205396,2598338.15145493,NaN,NaN,2598654.85405922
2608381.25658035,2608544.93284225,2609579.25462723,NaN,2609731.42185217,2609895.26104927,2610628.60894203,2611229.98356819,NaN
2614358.99996758,2614489.98999596,2616089.35523033,2616139.326334,2616258.49355894,NaN,NaN,NaN,2616764.33491707
2620301.39493942,2620502.05802917,2621534.085989,NaN,2621653.25321394,2621883.10623169,2622616.41311646,2623217.09156036,NaN
2626311.45572662,2626403.12409401,2627543.45059395,NaN,2627662.61781889,2627953.46021652,2628686.48028374,2629288.18273544,NaN
2632222.51605988,2632359.19976234,2633587.54920959,NaN,2633706.71643453,2633847.23544121,2634578.20773125,2635178.23076248,NaN
2638166.26262665,2638186.25116348,NaN,NaN,NaN,NaN,NaN,NaN,NaN
2639397.60231972,2639497.29895592,2640514.29462433,NaN,2640633.46184927,2640783.27894211,2641514.29224014,2642114.31527138,NaN
2645974.34473038,2646120.36705017,2647222.68247604,2647272.69482613,2647391.86205107,NaN,2648798.70057106,2649501.4102459,NaN
2651934.72099304,2652098.43802452,2653533.43081474,NaN,2653652.59803968,2653929.75974083,2654660.77280045,2655261.45124435,NaN
2657910.78495979,2658044.47841644,2659059.7949028,NaN,2659178.96212774,2659337.83125877,2660068.80354881,2660669.5227623,NaN
2663854.85911369,2663962.54301071,2665003.8690567,2665269.86336708,2665389.03059202,2665344.86103058,2666075.87432861,2666676.5935421,NaN
2669781.93497658,2669871.59657478,2670880.93280792,2670931.64134026,2671050.80856519,NaN,2672455.96766472,2673007.65800476,NaN
2675709.29765701,2675886.69538498,2677274.01065826,NaN,2677393.1778832,2677589.68925476,2678322.70932198,2678923.71559143,NaN
2681702.07333565,2681826.75552368,2683034.0514183,2683300.08673668,2683419.25396162,2683369.06337738,2684100.40426254,NaN,2684617.76995659
2693240.17763138,2693364.85981941,2694755.20610809,2694888.20314407,2695007.37036901,2695104.88152504,2695835.1984024,2696436.20443344,NaN
2699183.26878548,2699327.93951035,2700349.93243217,NaN,2700486.09965711,2700633.25285912,2701366.27292633,2701967.97537804,NaN
2705143.31746101,2705321.98500633,2706925.32324791,2706976.03178024,2707095.19900518,NaN,2708500.35810471,2709201.34758949,NaN
2711137.362957,2711282.07445145,2712302.38819122,NaN,2712421.55541616,2712588.08422089,2713319.0972805,2713919.07930374,NaN
2717098.14882278,2717187.11400032,2718579.4672966,2718846.15778923,2718965.32501417,NaN,NaN,NaN,2719197.47161865
2723008.18538666,2723110.21661758,2724123.52609634,2724390.21658897,2724509.38381391,NaN,2725916.55015945,2726468.24026108,NaN
2728918.59030724,2729026.27420425,2730450.28948784,NaN,2730619.45671278,2730751.59144402,2731484.61151123,2732086.31396294,NaN
2734846.32158279,2735019.33670044,2736093.63555908,NaN,2736295.80278402,2736344.63834763,2737077.65865326,2737678.33685875,NaN
2740955.71041107,2741112.38241196,2742137.73417473,NaN,2742339.90139967,2742391.39938354,2743122.41244316,2743722.4354744,NaN
2746915.75908661,2747122.44319916,2748131.45184517,NaN,2748333.61907011,2748458.80413055,2749189.77642059,2749790.49563408,NaN
2752942.81816483,2753071.51460648,2754290.85278511,2754557.87110329,2754677.03832823,NaN,2756084.57303047,2756634.87076759,NaN
2758885.90931892,2759000.59747696,2760567.93189049,NaN,2760737.09911543,NaN,NaN,NaN,2760979.90751266
2764812.98518181,2764954.66589928,2765978.99365425,NaN,2766148.16087919,2766361.68289185,2767091.99976921,2767693.7019825,NaN
2770773.73027802,2770884.73176956,2771905.04550934,NaN,2772074.21273428,NaN,NaN,NaN,2772379.73093987
2776700.7651329,2776858.78872871,2777999.11522865,NaN,2778168.28245359,2778544.12889481,2779277.10819244,2779878.81064415,NaN
2782677.15668678,2782851.8512249,2784192.1851635,NaN,2784361.35238844,2784437.16692924,2785168.18022728,2785768.89944077,NaN
2788671.24319077,2788776.92008018,2789786.25631332,2789836.92383766,2789956.0910626,NaN,2791362.27416992,2792063.26365471,NaN
2794597.29504585,2794698.99868965,2795730.28969765,2795929.31413651,2796048.48136144,NaN,NaN,NaN,2796783.3302021
2800508.35561752,2800673.0556488,2801707.04984665,NaN,2801859.21707159,2802092.36073494,2802823.37379456,2803424.09300804,NaN
2806485.44359207,2806637.11833954,2807650.4278183,NaN,2807802.59504324,2808014.43934441,2808747.45941162,2809349.12085533,NaN
2812445.49226761,2812543.18165779,2813560.50539017,NaN,2813712.67261511,2813928.48992348,2814661.50999069,2815263.2124424,NaN
2818355.56960106,2818469.23351288,2819903.57089043,2820103.5785675,2820222.74579244,2820152.56667137,2820883.57973099,NaN,2821407.58109093
2829876.67560577,2830025.36034584,2831075.69766045,NaN,2831227.86488539,2831468.38116646,2832199.39422607,2832799.41725731,NaN
2835836.76505089,2835979.42876816,2837402.46105194,NaN,2837554.62827688,2837644.78039742,2838377.75969505,2838979.46214676,NaN
2841796.81372643,2841908.51163864,2843312.49761581,NaN,2843464.66484075,2843560.83798409,2844293.85828972,2844895.51973343,NaN
2847723.88958931,2847863.56329918,2849255.87558746,2849306.58388138,2849425.75110632,NaN,2850830.91044426,2851531.89992905,NaN
2853667.92297363,2853836.63702011,2854849.94649887,NaN,2854969.11372381,2855213.95802498,2855946.97833061,2856548.63977432,NaN
2859645.01094818,2859824.7025013,2861409.03520584,NaN,2861528.20243078,2861645.04671097,2862378.02600861,2862979.72822189,NaN
2865904.06751633,2866066.76054001,2867103.089571,NaN,2867222.25679594,2867470.09110451,2868203.11141014,2868803.78985405,NaN
2872148.13280106,2872290.83752632,2873430.13978004,NaN,2873549.30700498,2873919.16131973,2874652.18138695,2875253.88383865,NaN
2878108.22248459,2878271.93951607,2879290.9014225,NaN,2879410.06864744,2879686.20634079,2880417.21940041,2881017.93885231,NaN
2884085.26945114,2884286.95654869,2885383.29172134,2885583.29939842,2885702.46662336,NaN,2887110.28838158,2887662.30630875,NaN
2890095.33023834,2890190.02985954,2891227.34165192,NaN,2891379.50887686,2891507.34424591,2892238.35754395,2892839.03574944,NaN
2896005.40757179,2896116.08147621,2897154.4175148,NaN,2897340.58473974,2897447.40438461,2898180.42469025,2898782.12714195,NaN
2901933.13884735,2902021.16179466,2903048.47955704,NaN,2903234.64678198,2903320.49512863,2904053.47418785,2904655.17663956,NaN
2907842.51999855,2907980.2274704,2909209.23233032,NaN,2909395.39955526,2909490.25893211,2910222.25499153,2910823.26102257,NaN
2913786.59415245,2913899.27530289,2915368.63327026,NaN,2915554.8004952,2915689.63670731,2916422.61600494,2917024.31845665,NaN
2919713.67001534,2919887.34054565,2921029.34622765,NaN,2921215.51345258,2921347.68724442,NaN,NaN,2921356.69851303
2925706.73251152,2925845.42298317,2926888.75603676,NaN,2927074.9232617,2927243.75653267,2927976.73559189,2928578.43804359,NaN
2931667.80519485,2931830.49821854,2932900.49624443,NaN,2933086.66346937,2933332.13281631,2934065.15288353,2934666.52774811,NaN
2937643.86916161,2937784.56664085,2939043.55430603,NaN,2939245.72153097,2939276.20697021,2940008.8994503,2940610.60190201,NaN
2943605.5970192,2943692.59619713,2945002.94756889,NaN,2945205.11479383,2945373.63553047,2946104.64859009,2946704.63061333,NaN
2949514.97817039,2949629.66632843,2951213.71221542,NaN,2951399.87944036,2951544.01373863,2952275.02679825,2952875.70524216,NaN
2955442.05403328,2955617.7315712,2956923.08568954,NaN,2957109.25291448,2957193.09401512,2957924.06630516,2958524.78551865,NaN
2961419.10099983,2961521.78788185,2962617.1400547,NaN,2962803.30727964,2963038.1269455,NaN,NaN,2963329.1478157
2972939.26501274,2973047.93190956,2974072.25942612,2974338.2537365,2974457.42096143,2974362.9527092,2975093.96576881,NaN,2975728.9686203
2978850.32534599,2978949.98121262,2980349.01094437,NaN,2980518.17816931,2980641.3424015,2981374.32169914,2981976.02391243,NaN
2984760.36190987,2984857.06853867,2985925.38714409,NaN,2986094.55436903,2986179.38017845,2986912.40024567,2987514.10269737,NaN
2990671.13566399,2990777.14014053,2992102.44202614,NaN,2992271.60925108,2992426.47647858,2993159.45577621,2993761.1579895,NaN
2997080.51562309,2997169.19398308,2998312.51049042,NaN,2998481.67771536,2998583.54282379,2999314.55588341,2999915.23432732,NaN
3003423.58112335,3003561.2885952,3004572.59106636,NaN,3004741.7582913,3004871.27137184,3005604.29143906,3006205.29770851,NaN
3009383.62979889,3009477.34618187,3010615.66567421,NaN,3010784.83289915,NaN,NaN,NaN,3011050.66084862
3015293.70713234,3015399.38402176,3016543.39671135,3016592.71264076,3016711.8798657,NaN,3018119.41480637,3018669.75331306,NaN
3021204.76770401,3021431.48136139,3022452.77786255,NaN,3022571.94508749,3022855.78346252,3023588.80352974,3024190.50598145,NaN
3027247.84231186,3027351.51195526,3028862.85400391,3029128.84831429,3029248.01553922,NaN,3030656.57448769,3031206.87198639,NaN
3033174.91817474,3033295.58634758,3034806.92839622,NaN,3035026.09562116,3035048.91991615,3035781.94022179,3036383.64243507,NaN
3039118.99232864,3039282.66859055,3040300.9750843,3040566.96915627,3040686.1363812,3040613.99126053,3041345.00455856,3041945.68276405,NaN
3045112.05482483,3045242.71702766,3046261.06452942,NaN,3046430.23175436,3046818.73512268,3047549.7481823,3048149.77121353,NaN
3051056.08797073,3051187.77441978,3052204.81109619,NaN,3052373.97832113,3052613.79671097,3053344.810009,3053944.83304024,NaN
3056999.17912483,3057165.84539413,3058548.85983467,NaN,3058718.02705961,3058936.17749214,3059667.19079018,3060267.91000366,NaN
3062993.22462082,3063182.91044235,3064241.23477936,NaN,3064410.4020043,3064673.23994637,3065406.260252,3066007.96246529,NaN
3068986.287117,3069092.9877758,3070168.31064224,NaN,3070337.47786718,3070440.32597542,3071173.30527306,3071775.00772476,NaN
3074913.36297989,3075004.04834747,3076262.38036156,3076461.36426926,3076580.5314942,3076532.38868713,3077265.40899277,3077867.07043648,NaN
3080823.44031334,3081117.12360382,3082139.44411278,NaN,3082291.61133772,3082761.46268845,3083494.44198608,3084096.14419937,NaN
3086934.18073654,3087107.19585419,3088116.49107933,NaN,3088268.65830427,3088532.80854225,3089264.92762566,3089866.22047424,NaN
3092927.57081985,3093112.25962639,3094409.58547592,NaN,3094561.75270086,3094964.26582336,3095695.2791214,3096295.30215263,NaN
3099055.30977249,3099226.31764412,3100252.65240669,NaN,3100404.81963163,3100703.66311073,3101436.64216995,3102038.34462166,NaN
3105047.67584801,3105170.39203644,3106496.71769142,NaN,3106648.88491636,3106759.7219944,3107492.70105362,3108094.73109245,NaN
3110974.75171089,3111169.43454742,3112439.76807594,NaN,3112591.93530088,3112696.46430016,3113427.47735977,3114027.45962143,NaN
3116985.50868034,3117086.51614189,3118383.84222984,NaN,3118536.00945478,3118738.84248734,3119469.85578537,3120070.53399086,NaN
3122894.88983154,3123048.57182503,3124326.89237595,3124376.90472603,3124496.07195097,NaN,3125903.93447876,3126455.91139793,NaN
3128856.65893555,3128939.64385986,3130003.94845009,NaN,3130123.11567503,3130476.95446014,3131209.97476578,3131811.67721748,NaN
3134749.69696999,3134918.69783401,3135948.02260399,NaN,3136067.18982893,3136364.34006691,3137096.0495472,3137697.7519989,NaN
3140726.08852386,3140819.76413727,3141908.11228752,NaN,3142027.27951246,3142135.11252403,3142868.09182167,3143469.79427338,NaN
3146636.82150841,3146752.82025337,NaN,NaN,NaN,NaN,NaN,NaN,NaN
3147968.14441681,3148059.85379219,3149400.88415146,3149600.19540787,3149719.36263281,3149660.20202637,3150393.18108559,NaN,3150866.88351631
3159472.29290009,3159573.99654388,3160621.30260468,NaN,3160773.46982961,3160853.01351547,3161583.98556709,3162184.00859833,NaN
3165384.04965401,3165542.03224182,3166581.35128021,NaN,3166733.51850515,3166912.38999367,3167645.36929131,3168247.07174301,NaN
3171360.44120789,3171501.09791756,3172575.43778419,3172708.43482018,3172827.60204511,NaN,3174236.44757271,3174788.46549988,NaN
3177321.18630409,3177457.17334747,3178835.51836014,3179102.20885277,3179221.37607771,3179139.52350616,3179872.5028038,3180474.20501709,NaN
3183264.2364502,3183717.25416183,3184812.56532669,NaN,3184981.73255163,NaN,NaN,NaN,3185169.5728302
3189523.62084389,3189657.31430054,3191121.63424492,NaN,3191290.80146986,3191475.65150261,3192208.63080025,3192810.33301353,NaN
3195467.69499779,3195646.36254311,3196666.38946533,NaN,3196835.55669027,3196993.70074272,3197724.71380234,3198325.39224625,NaN
3201460.75749397,3201534.44457054,3202576.75361633,3202626.765728,3202745.93295294,NaN,3204153.79548073,3204705.7723999,NaN
3207355.51571846,3207492.48600006,3208519.84477043,NaN,3208689.01199537,3208779.8178196,3209512.83812523,3210114.54057693,NaN
3213314.86821175,3213429.55613136,3214496.89173698,NaN,3214666.05896192,3214703.90367508,3215434.9167347,3216035.5951786,NaN
3219241.94407463,3219351.63497925,3220423.96759987,3220623.97527695,3220743.14250189,NaN,3222149.98102188,3222701.99894905,NaN
3225169.01993752,3225259.7053051,3226734.0195179,NaN,3226886.18674284,3227046.01192474,3227779.03199196,3228380.73444366,NaN
3231079.75268364,3231187.76416779,3232378.10277939,NaN,3232530.27000433,3232715.08073807,3233448.10080528,3234049.80325699,NaN
3237006.13212585,3237129.83131409,3238188.85207176,NaN,3238341.0192967,3238451.15995407,3239182.17301369,3239782.8514576,NaN
3243166.18847847,3243328.88150215,3244365.21053314,NaN,3244551.37775808,3244615.23032188,3245348.25062752,3245949.91207123,NaN
3249143.27645302,3249300.9724617,3250358.96921158,NaN,3250545.13643652,3250661.29493713,3251394.31524277,3251995.97668648,NaN
3255121.01984024,3255217.03004837,3256235.33654213,NaN,3256421.50376707,3256542.04511642,3257273.05817604,3257873.04019928,NaN
3261031.09717369,3261158.07318687,3262179.41093445,3262380.11479378,3262499.28201872,NaN,3263905.42435646,3264457.11445808,NaN
3266975.17156601,NaN,NaN,NaN,NaN,NaN,NaN,NaN,NaN
3269171.48756981,3269263.19718361,3270553.51901054,NaN,3270739.68623548,3270793.50376129,3271526.52382851,3272128.22628021,NaN
3275081.56514168,3275233.23988914,3276430.58276176,NaN,3276616.7499867,3276763.87429237,3277495.91135979,3278097.28598595,NaN
3281042.63782501,3281215.32511711,3282240.63587189,3282507.65419006,3282626.821415,3282533.33592415,3283264.34922218,3283864.33124542,NaN
3287019.35720444,3287114.38441277,3288151.69620514,NaN,3288320.86343008,3288386.39712334,3289117.41018295,3289717.39220619,NaN
3292930.45854568,3293026.42774582,3294161.75723076,NaN,3294330.9244557,3294410.46619415,3295143.44549179,3295744.45152283,NaN
3298839.79868889,3298939.49532509,3300154.81948853,NaN,3300323.98671346,3300523.86903763,3301256.84833527,3301858.55078697,NaN
3304749.87626076,3304928.58457565,3306131.90746307,NaN,3306301.07468801,3306485.88395119,3307218.9040184,3307820.60647011,NaN
3310743.96252632,3310835.63113213,3312392.64345169,NaN,3312561.81067663,3312701.97343826,3313434.99350548,3314036.65494919,NaN
3316654.69527245,3316878.70550156,3317936.04707718,NaN,3318105.21430212,3318225.01993179,3318956.03299141,3319556.71143532,NaN
3322681.05816841,3322811.76161766,3324229.10046577,NaN,3324398.26769071,3324692.76762009,3325423.7806797,3326023.80394936,NaN
3328624.14932251,3328794.82984543,3330073.84681702,3330123.16250801,3330242.32973295,NaN,3331648.88167381,3332199.17917252,NaN
3334601.19652748,3334774.90782738,3335783.22005272,NaN,3335902.38727766,3336112.210989,3336845.23105621,3337446.93350792,NaN
3340595.28279305,3340706.98070526,3341843.29319,NaN,3342012.46041494,3342106.29725456,3342839.31732178,3343440.97876549,NaN
3346522.35865593,3346616.03426933,3347770.36905289,NaN,3347939.53627783,3348206.3472271,3348939.36729431,3349541.06974602,NaN
3352432.3952198,3352531.1088562,3353714.40219879,3353765.11073112,3353884.27795606,NaN,NaN,NaN,3354718.4138298
3358342.47255325,3358508.15582275,NaN,NaN,NaN,NaN,NaN,NaN,NaN
3360074.50723648,3360303.18689346,3361455.51466942,3361506.18195534,3361625.34918028,NaN,3363031.53252602,3363583.22262764,NaN
3366118.23701859,3366214.24746513,3367615.57078362,3367883.24451447,3368002.4117394,NaN,3369409.57784653,3369961.26818657,NaN
3372027.61816978,3372121.29378319,3373144.31071281,NaN,3373313.47793775,3373400.6383419,3374131.65140152,3374732.32984543,NaN
3377938.67874146,3378027.35710144,3379053.69186401,NaN,3379222.85908895,3379441.37811661,3380172.39141464,3380772.41444588,NaN
3383832.45396614,3383979.41851616,3385180.77540398,NaN,3385349.94262892,3385534.75165367,3386265.76471329,3386866.48416519,NaN
3389791.80645943,3389888.51284981,3391306.83493614,NaN,3391476.00216108,3391604.53224182,3392335.54530144,3392935.52732468,NaN
3395703.56321335,3395858.55579376,3396900.90584755,NaN,3397087.07307249,3397166.90015793,3397900.20704269,3398501.58166885,NaN
3401679.6271801,3401844.61402893,3403393.96715164,NaN,3403580.13437658,3403681.95676804,3404412.96982765,3405013.64827156,NaN
3407656.0189724,3407807.69371986,3408888.01383972,NaN,3409074.18106466,3409198.04000854,3409931.01930618,3410532.72151947,NaN
3413617.09141731,3413831.76279068,3415182.09123611,NaN,3415351.25846105,3415410.07447243,3416143.09477806,3416744.79722977,NaN
3419643.12672615,3419796.80871964,3420825.15048981,NaN,3420994.31771475,3421193.17603111,3421924.47590828,3422525.85053444,NaN
3425604.19940948,3425795.89223862,3426935.23550034,NaN,3427104.40272527,3427158.22172165,3427891.24202728,3428492.94424057,NaN
3431614.26019669,3431768.96595955,3432796.98014259,NaN,3432966.14736753,3433137.97211647,NaN,NaN,3433148.29397202
3437592.0445919,3437692.02780724,3439039.36600685,3439306.0567379,3439425.22396284,3439323.34184647,3440056.36191368,3440658.06436539,NaN
3443701.39241219,3443861.09542847,3445032.42850304,3445166.40853882,3445285.57576376,NaN,3446693.43829155,3447245.45621872,NaN
3449677.45637894,3449814.13984299,3451277.18997002,NaN,3451413.35719496,3451513.48829269,3452246.50835991,3452848.21081161,NaN
3455638.52906227,3455779.22654152,3457237.23864555,NaN,3457406.40587049,3457479.55799103,3458212.57829666,3458814.23974037,NaN
3461632.28774071,3461766.30878448,3462813.61508369,NaN,3462982.78230863,3463267.61555672,3464000.63586235,3464602.33831406,NaN
3467575.66571236,3467671.34809494,3468973.67143631,NaN,3469142.83866125,3469380.69081306,3470111.7041111,3470712.38231659,NaN
3473485.74304581,3473635.41078568,3474734.73620415,3474867.73347855,3474986.90070349,NaN,3476394.43540573,3476944.77415085,NaN
3479445.79172134,3479493.46899986,3481027.83060074,3481360.83555222,3481480.00277715,3481385.82110405,NaN,NaN,3482143.82696152
3491166.90516472,3491324.6011734,3492331.93063736,3492531.93831444,3492651.10553938,3492549.63302612,3493279.94966507,3493880.62810898,NaN
3497126.99484825,3497232.67173767,3498341.99142456,NaN,3498494.1586495,3498628.01504135,3499361.03510857,3499962.69655228,NaN
3503054.72612381,3503216.72296524,3504669.0826416,3504719.05374527,3504838.22097021,3504936.75613403,3505667.0730114,3506267.79222488,NaN
3509031.11767769,3509131.79755211,3510179.80003357,3510229.11572456,3510348.2829495,NaN,3511755.81789017,3512456.15196228,NaN
3514941.19524956,3515099.87425804,3516106.87589645,NaN,3516226.04312139,3516352.18524933,3517085.20531654,3517686.90776825,NaN
3520918.24221611,3521067.95096397,3522100.26597977,NaN,3522219.43320471,3522373.26431274,3523106.28437996,3523707.98683167,NaN
3526878.33189964,3527042.99092293,3528143.34058762,NaN,3528262.50781255,3528454.34975624,3529187.32905388,3529789.03126717,NaN
3532855.3788662,3532952.085495,3534087.41474152,NaN,3534206.58196646,3534329.40649986,3535060.41955948,3535661.09800339,NaN
3538765.45619965,3538859.13181305,3540147.44663239,NaN,3540266.61385732,3540469.1464901,3541200.15978813,3541800.18281937,NaN
3544859.52615738,3545019.18816566,3546075.21891594,NaN,3546194.38614088,3546335.51979065,3547066.53285027,3547667.21129417,NaN
3551052.59609222,3551210.25109291,3552334.60330963,NaN,3552453.77053457,3552801.58805847,3553534.60836411,3554136.31081581,NaN
3557029.6432972,3557164.31975365,3558177.67000198,NaN,3558346.83722692,3558393.6522007,3559127.00009346,3559728.37471962,NaN
3562972.6934433,3563071.4070797,3564572.4272728,NaN,3564741.59449774,3564802.74534225,3565536.42082214,3566137.42685318,NaN
3568882.77077675,3569007.4532032,3570031.78071976,3570081.79306984,3570200.96029478,NaN,NaN,NaN,3570767.50421524
3574827.54135132,3574908.51926804,3576125.85043907,3576175.86278915,3576295.03001409,NaN,3577701.86853409,3578253.88646126,NaN
3580720.9072113,3581500.58078766,3582668.92385483,3582934.91816521,3583054.08539015,NaN,NaN,NaN,3583068.61162186
3587580.68323135,3587779.66690063,3588811.98167801,NaN,3588981.14890295,3589236.98282242,3589967.99588203,3590568.71509552,NaN
3593590.04759789,3593709.73277092,NaN,NaN,NaN,NaN,NaN,NaN,NaN
3594939.06521797,3595071.73466682,3596087.09216118,NaN,3596256.25938612,3596333.05692673,3597064.06998634,3597664.78943825,NaN
3600882.11560249,3601011.83581352,3602048.12383652,NaN,3602217.29106146,3602320.13916969,3603051.15222931,3603651.83067322,NaN
3606826.18975639,3606982.86175728,3608241.19400978,3608374.19104576,3608493.3582707,NaN,3609902.24480629,3610604.91371155,NaN
3612803.27773094,3612949.95546341,3614051.28788948,NaN,3614187.45511442,3614418.28966141,3615151.26872063,3615752.97117233,NaN
3618913.32197189,3619055.00245094,3620627.33411789,NaN,3620763.50134283,3620952.023983,3621683.03704262,3622283.06007385,NaN
3625222.3906517,3625370.09239197,3626389.0953064,NaN,3626575.26253134,3626635.42890549,3627368.40796471,3627970.11041641,NaN
3631184.15975571,3631279.14595604,3632598.46758842,3632799.17144775,3632918.33867269,3632861.47165298,3633592.4847126,3634193.16315651,NaN
3637609.51399803,3637743.20745468,3638808.5360527,3638941.53308868,3639060.70031362,NaN,3640468.23525429,3641018.57376099,NaN
3643553.58815193,3643649.27077293,3644785.62402725,NaN,3644921.79125219,3645150.29096603,3645881.30402565,3646481.32705688,NaN
3649464.36190605,3649569.3423748,3650578.67860794,NaN,3650714.84583288,3650876.66273117,3651607.67579079,3652208.39524269,NaN
3655374.39846992,3655537.41908073,3657055.7243824,NaN,3657191.89160734,3657383.73208046,3658116.75238609,3658718.45459938,NaN
3661716.80855751,3661906.49437904,3662932.78813362,NaN,3663068.95535856,3663305.4831028,3664036.49640083,3664636.51943207,NaN
3667711.55047417,3667831.56323433,3668875.87928772,NaN,3669012.04651266,3669181.56385422,3669912.57691383,3670512.55893707,NaN
3673637.92991638,3673730.62229156,NaN,NaN,NaN,NaN,NaN,NaN,NaN
3674969.62141991,3675067.63863564,3676483.95347595,NaN,3676670.12070089,3676796.64230347,3677527.65536308,3678127.67839432,NaN
3680879.98557091,3681077.69942284,3682128.69215012,NaN,3682314.85937505,3682448.01640511,3683179.02946472,3683779.70790863,NaN
3686890.0873661,3687016.77656174,3688538.07210922,NaN,3688724.23933416,3688824.09572601,3689557.11579323,3690158.77723694,NaN
3692833.83393288,3693092.82398224,3694348.16598892,NaN,3694534.33321386,3694645.16711235,3695376.18017197,3695976.85861588,NaN
3698910.20894051,3699203.89223099,3700292.19937325,NaN,3700478.36659818,3700626.2280941,3701359.24839973,3701960.90984344,NaN
3705020.25318146,3705256.96086884,3706319.29945946,NaN,3706505.4666844,3706568.2952404,3707299.30853844,3707900.96998215,NaN
3711065.00697136,3711428.03549767,3712445.35899162,NaN,3712631.52621656,3712737.36286163,3713468.37592125,3714069.05436516,NaN
3717240.38243294,3717759.09972191,3718822.42155075,NaN,3719008.58877569,3719087.10503578,3719818.1180954,3720418.14112663,NaN
3723568.16983223,3723721.15540504,3724782.46998787,3724916.16344452,3725035.33066946,NaN,3726443.5210228,3726995.21112442,NaN
3729528.21850777,3729629.22596931,NaN,NaN,NaN,NaN,NaN,NaN,NaN
3730942.56734848,NaN,NaN,NaN,NaN,NaN,NaN,NaN,NaN
3733140.56277275,NaN,NaN,NaN,NaN,NaN,NaN,NaN,NaN
3735355.27014732,NaN,NaN,NaN,NaN,NaN,NaN,NaN,NaN
3737552.61015892,NaN,NaN,NaN,NaN,NaN,NaN,NaN,NaN
3739749.66359138,3739965.31796455,3740998.65698814,NaN,3741150.82421308,3741260.6780529,3741993.65735054,3742595.35956383,NaN
3745776.72290802,3746673.41923714,3747708.43744278,NaN,3747860.60466772,3748013.75317574,3748746.73247337,3749348.43492508,NaN
3752485.80694199,3752725.46410561,3753951.47871971,NaN,3754103.64594465,3754288.49768639,3755019.510746,3755619.53377724,NaN
3758530.56097031,3758748.55017662,3760094.86436844,NaN,3760247.03159338,3760349.88117218,3761082.90147781,3761684.56292152,NaN
3764556.92386627,3764775.60925484,3766004.94170189,NaN,3766157.10892683,3766297.64199257,3767028.65505219,3767628.63707542,NaN
3770583.65535736,3770877.66623497,3772097.98741341,NaN,3772250.15463835,3772425.01211166,3773158.0324173,3773759.69386101,NaN
3776693.04418564,3776998.72875214,3778558.07590485,NaN,3778710.24312979,3778760.09058952,3779493.06964874,3780094.77210045,NaN
3782804.11219597,3782962.79144287,3784052.12259293,NaN,3784204.28981787,3784324.1379261,3785057.15799332,3785658.81943703,NaN
3788780.17640114,3789247.89857864,3790262.19105721,NaN,3790414.35828214,3790720.90196609,3791451.91526413,3792051.89728737,NaN
3795057.2552681,3795205.94024658,3796505.96952438,NaN,3796658.13674932,3796894.27042007,3797625.28347969,3798225.9619236,NaN
3801017.30394363,3801341.01080894,3802382.33685493,NaN,3802584.50407987,3802744.01378632,3803475.02684593,3804075.04987717,NaN
3807144.3874836,3807319.08202171,3808343.08195114,NaN,3808545.24917608,3808671.41723633,3809402.43029594,3810003.10873985,NaN
3813137.44997978,3813296.12898827,3814319.47350502,NaN,3814505.64072996,3814600.45909882,3815334.1755867,3815934.48543549,NaN
3819114.53795433,3819298.20251465,3820346.53282166,NaN,3820532.70004659,3820717.54837036,3821450.527668,3822052.23011971,NaN
3825108.58345032,3825259.27519798,3826806.62107468,NaN,3826992.78829962,3827047.58882523,3827780.60889244,3828382.31134415,NaN
3831068.63188744,3831254.34470177,3832450.66332817,NaN,3832636.83055311,3832797.67656326,3833531.35204315,3834131.70266151,NaN
3837061.73539162,3837152.4207592,3838227.74362564,NaN,3838413.91085058,3838546.41246796,3839277.42552757,3839877.44855881,NaN
3842973.45113754,3843053.48706245,3844120.78166008,NaN,3844306.94888502,3844476.80616379,3845207.8192234,3845808.49766731,NaN
3848865.83399773,3849016.52574539,3850547.85633087,3850746.88100815,3850866.04823309,NaN,NaN,NaN,3851958.88733864
3861053.64584923,3861338.68646622,3862368.01123619,NaN,3862520.17846113,3862723.01149368,3863454.0245533,3864054.70299721,NaN
3867146.03614807,3867349.73025322,3868845.05701065,NaN,3868997.22423559,3869207.06152916,3869940.08159637,3870541.78404808,NaN
3873157.12094307,3873238.79528046,3874322.1051693,NaN,3874474.27239424,3874523.13685417,3875254.43673134,3875855.81159592,NaN
3879050.15897751,3879217.84925461,3880232.18274117,NaN,3880384.3499661,3880460.20698547,3881193.18628311,3881794.88873482,NaN
3885027.94337273,3885183.95996094,3886492.26331711,NaN,3886644.43054205,3886721.27079964,3887452.28385925,3888052.96230316,NaN
3890987.29562759,3891147.98164368,3892219.33150291,NaN,3892371.49872785,3892567.32773781,3893298.34079742,3893899.01924133,NaN
3896965.08002281,3897076.04074478,3898246.39081955,NaN,3898415.55804449,3898512.71271706,3899245.73278427,3899847.10741043,NaN
3902892.1148777,3902996.11234665,3904373.47412109,3904573.15421104,3904692.32143598,3904602.44059563,3905335.46090126,3905937.16311455,NaN
3908819.19074059,3908987.20860481,3910499.53365326,NaN,3910651.7008782,3910804.19421196,3911535.20727158,3912135.23030281,NaN
3914795.58229446,3915092.25559235,3916344.2800045,NaN,3916496.44722944,3916608.59489441,3917339.60795403,3917940.28639793,NaN
3920906.32295609,3921065.3295517,3922187.6335144,NaN,3922339.80073934,3922425.32444,3923156.33749962,3923756.36053085,NaN
3926883.36992264,3927057.40904808,3928097.71108627,NaN,3928249.87831121,3928332.41176605,3929062.72864342,3929663.40708733,NaN
3932875.77700615,3933077.4641037,3934125.46658516,NaN,3934277.6338101,3934352.79464722,3935085.77370644,3935687.47615814,NaN
3938885.83779335,3939026.5352726,3940384.85097885,3940434.86309052,3940554.03031545,NaN,3941961.85183525,3942663.86532784,NaN
3944846.58265114,3944952.58712769,3945961.92359924,NaN,3946081.09082418,3946457.90815353,3947188.92121315,3947789.59965706,NaN
3950756.94680214,3950884.66024399,3952071.96760178,NaN,3952191.13482672,3952323.99463654,3953056.97369576,3953658.67614746,NaN
3956700.03795624,3956870.71847916,3957999.73988533,NaN,3958118.90711027,3958499.04227257,3959232.06233978,3959833.76479149,NaN
3962677.78134346,3962883.76927376,3964026.1027813,NaN,3964145.27000623,3964318.10665131,3965049.11971092,3965649.79815483,NaN
3968687.14594841,3968852.82921791,3969936.18011475,NaN,3970055.34733969,3970210.16168594,3970943.18175316,3971544.88420486,NaN
3974747.21884727,3974912.90211678,3976129.25028801,NaN,3976248.41751295,3976410.23588181,3977143.95236969,3977744.26198006,NaN
3980724.30682182,3980881.96182251,3981973.30021858,3982173.30789566,3982292.4751206,3982194.32020187,3982927.29949951,3983529.00195122,NaN
3986702.05020905,NaN,NaN,NaN,NaN,NaN,NaN,NaN,NaN
3988899.39045906,NaN,NaN,NaN,NaN,NaN,NaN,NaN,NaN
3991096.40288353,3991625.11444092,3992679.0971756,NaN,3992831.26440054,3992935.42504311,3993666.43810272,3994267.11654663,NaN
3997439.46838379,3997542.15526581,3998588.4783268,NaN,3998740.64555174,3998873.19135666,3999603.50823402,4000204.18643951,NaN
4003350.52895546,4003539.23177719,4004932.24024773,4005064.54110146,4005183.70832639,NaN,4006592.55385399,4007294.56734657,NaN
4009361.28616333,4009466.30740166,4011025.61378479,NaN,4011161.78100973,4011282.63783455,4012015.61689377,4012617.31934547,NaN
4015287.66560555,4015387.36224174,4016435.69254875,NaN,4016621.85977369,4016708.69088173,4017441.71094894,4018043.37239265,NaN
4021197.742939,4021351.42493248,4022879.76551056,NaN,4023065.9327355,4023158.74409676,4023892.46058464,4024492.44260788,NaN
4027174.79014397,4027344.48742867,4028406.82601929,NaN,4028575.99324423,4028634.48166847,4029365.49472809,4029965.51775932,NaN
4033151.87811852,4033405.54332733,4034567.57855415,NaN,4034736.74577909,4034854.8719883,4035587.89205551,4036189.59450722,NaN
4039211.95101738,4039369.60601807,4040443.9458847,NaN,4040613.11310964,4040715.96121788,4041448.94051552,4042050.64296722,NaN
4045338.01054955,4045492.67554283,4046536.99159622,NaN,4046706.15882116,4046785.00437737,4047518.72086525,4048119.7271347,NaN
4051299.08323288,4051408.7331295,4052780.07388115,NaN,4052949.24110609,4053050.08220673,4053783.10251236,4054384.76371765,NaN
4057226.11808777,4057369.80581284,4058707.14974403,NaN,4058876.31696897,4059024.83558655,4059755.15222549,4060356.15849495,NaN
4063186.2077713,4063281.89015388,4064368.88670921,NaN,4064538.05393415,4064731.21881485,4065464.89429474,4066064.91732597,NaN
4069096.24409676,4069185.94646454,4070212.28122711,NaN,4070381.44845205,4070572.97492027,4071303.98821831,4071903.97024155,NaN
4075006.32166862,4075150.99239349,4076223.03843498,4076272.35412598,4076391.52135092,NaN,4077798.03228378,4078498.3663559,NaN
4080967.39435196,4081064.05973434,4082116.07646942,NaN,4082235.24369436,4082640.40541649,4083371.4184761,4083972.09692001,NaN
4086877.47168541,4087068.14050674,4088125.48184395,4088259.46211815,4088378.62934309,NaN,NaN,NaN,4088967.45562553
4092887.53247261,4092974.203825,4094002.54559517,NaN,4094138.71282011,4094501.52039528,4095234.86804962,4095836.2429142,NaN
4099097.60093689,4099237.27464676,4100246.6108799,NaN,4100382.77810484,4100568.59731674,4101301.61762238,4101903.32007408,NaN
4105057.64961243,4105140.34771919,NaN,NaN,NaN,NaN,NaN,NaN,NaN
4106357.3513031,4106457.33475685,4107887.69888878,NaN,4108023.86611372,4108263.38410378,4108994.39716339,4109594.37918663,NaN
4112566.72358513,4112704.43105698,4113732.4450016,4113864.74585533,4113983.91308027,NaN,4115393.45502853,4116093.78910065,NaN
4118509.81473923,4118614.46762085,4119659.48009491,NaN,4119795.64731985,4120094.80285645,4120827.82292366,4121429.52537537,NaN
4124437.54601479,4124649.55496788,4125668.88546944,4125869.54855919,4125988.71578413,NaN,4127394.89889145,4127946.58923149,NaN
4130464.605093,4130604.60639,4132161.94653511,4132562.65830994,4132681.82553488,4132585.9644413,4133318.94373894,NaN,4133759.95993614
4142018.35608482,4142178.75552177,4143600.10838509,NaN,4143802.27561003,4143842.05913544,4144573.07219505,4145173.79164696,NaN
4147995.11647224,4148129.7929287,4149327.1355629,NaN,4149529.30278784,4149675.13179779,4150408.15210342,4151009.85431671,NaN
4153938.86303902,4154073.8670826,4155120.88680267,NaN,4155323.05402761,4155347.19061852,4156080.21092415,4156681.91337585,NaN
4159882.24101067,4160035.92276573,4161064.2645359,NaN,4161233.43176084,4161335.2560997,4162068.27616692,4162669.97861862,NaN
4165859.32898521,4165931.00905418,4166941.36929512,4167074.3253231,4167193.49254804,NaN,4168601.35507584,4169304.02398109,NaN
4171753.06344032,4171859.06791687,4173051.41353607,NaN,4173237.58076101,4173321.38085365,4174054.40092087,4174656.10337257,NaN
4177680.13930321,4177766.11423492,4179361.46521568,NaN,4179547.63244062,4179612.46824265,4180344.46430206,4180946.16675377,NaN
4183590.50345421,4183755.20348549,4184772.52697945,4184905.7290554,4185024.89628034,NaN,4186432.22618103,4186982.56468773,NaN
4189566.56742096,4189699.27763939,4190832.59987831,NaN,4190968.76710325,4191174.6160984,4191905.58815002,4192506.30760193,NaN
4195810.63270569,4195959.31744576,4196975.65793991,4197308.66265297,4197427.82987791,4197329.6751976,4198062.65449524,4198664.35670853,NaN
